"DATE.TIME,""hour"",""day"",""lab"",""analyzer"",""CO2_in"",""CO2_S"",""CO2_N"",""CH4_in"",""CH4_S"",""CH4_N"",""NH3_in"",""NH3_S"",""NH3_N"",""H2O_in"",""H2O_S"",""H2O_N"",""n_animals"",""m_weight"",""p_pregnancy_day"",""Y1_milk_prod"",""Temperature"""
"2025-04-08 12:00:00,12,2025-04-08,""LUFA"",""FTIR.2"",522.475,419.4,415.9,13.875,3.5,3,1.275,0.7,0.7,0.6225,0.545,0.575,42.5,545.1818182,119.5510204,30.06491228,18.21"
"2025-04-08 13:00:00,13,2025-04-08,""LUFA"",""FTIR.2"",514.35,416.25,414.75,12.375,2.9,2.7,1.25,0.9,0.8,0.5875,0.505,0.525,43,545.1818182,119.5510204,30.06491228,18.67"
"2025-04-08 14:00:00,14,2025-04-08,""LUFA"",""FTIR.2"",536.575,425.2,423.25,15,3.6,3.55,1.35,0.9,0.8,0.58,0.505,0.51,40.5,545.1818182,119.5510204,30.06491228,14.42333333"
"2025-04-08 15:00:00,15,2025-04-08,""LUFA"",""FTIR.2"",497.325,415.4,413.15,10.75,3.4,2.8,1.3,0.9,0.8,0.5675,0.505,0.515,43,545.1818182,119.5510204,30.06491228,14.64583333"
"2025-04-08 16:00:00,16,2025-04-08,""LUFA"",""FTIR.2"",556.05,422.05,411.8,16.3,3.7,2.7,1.325,0.9,0.9,0.5975,0.515,0.515,45,545.1818182,119.5510204,30.06491228,15.29916667"
"2025-04-08 17:00:00,17,2025-04-08,""LUFA"",""FTIR.2"",580.8,417.65,422.15,18.8,3.25,3.65,1.575,0.95,0.95,0.5875,0.505,0.51,49.25,545.1818182,119.5510204,30.06491228,11.7575"
"2025-04-08 18:00:00,18,2025-04-08,""LUFA"",""FTIR.2"",524.1,422.2,410.6,13.175,3.6,2.8,1.325,0.8,0.8,0.575,0.5,0.51,42.5,545.1818182,119.5510204,30.06491228,8.716666667"
"2025-04-08 19:00:00,19,2025-04-08,""LUFA"",""FTIR.2"",584.075,422.166666666667,414.2,18.575,3.53333333333333,2.9,1.35,0.866666666666667,0.85,0.6175,0.54,0.545,44.75,545.1818182,119.5510204,30.06491228,8.058333333"
"2025-04-08 20:00:00,20,2025-04-08,""LUFA"",""FTIR.2"",649.975,443.25,454.5,23.95,4.55,5.85,1.975,0.8,0.9,0.655,0.565,0.56,44.25,545.1818182,119.5510204,30.06491228,7.235"
"2025-04-08 21:00:00,21,2025-04-08,""LUFA"",""FTIR.2"",560.2,421.65,422.8,14.35,3,3.05,1.7,0.75,0.9,0.615,0.545,0.545,48.5,545.1818182,119.5510204,30.06491228,6.799166667"
"2025-04-08 22:00:00,22,2025-04-08,""LUFA"",""FTIR.2"",612.725,437.05,442.25,17.65,3.4,3.75,1.825,0.85,0.9,0.645,0.585,0.58,53.75,545.1818182,119.5510204,30.06491228,6.248333333"
"2025-04-08 23:00:00,23,2025-04-08,""LUFA"",""FTIR.2"",677.25,439.75,447.45,21.475,3.2,3.05,1.65,0.8,0.65,0.685,0.6,0.605,52.5,545.1818182,119.5510204,30.06491228,5.838333333"
"2025-04-09 00:00:00,0,2025-04-09,""LUFA"",""FTIR.2"",658.525,429.2,427.6,22.025,2.8,3,1.55,0.9,0.6,0.685,0.585,0.595,51.25,545.1818182,119.5510204,30.91034483,5.329166667"
"2025-04-09 01:00:00,1,2025-04-09,""LUFA"",""FTIR.2"",673.675,435.75,425.55,23.3,3.25,3,1.725,0.7,0.8,0.65,0.55,0.55,55,545.1818182,119.5510204,30.91034483,6.3125"
"2025-04-09 02:00:00,2,2025-04-09,""LUFA"",""FTIR.2"",685.1,425.85,426.1,24.025,2.9,3.05,1.9,0.8,0.75,0.65,0.54,0.55,56.25,545.1818182,119.5510204,30.91034483,5.664166667"
"2025-04-09 03:00:00,3,2025-04-09,""LUFA"",""FTIR.2"",648.425,425.85,432.5,20.9,3,3.35,1.8,0.75,0.95,0.62,0.51,0.52,56.75,545.1818182,119.5510204,30.91034483,4.918333333"
"2025-04-09 04:00:00,4,2025-04-09,""LUFA"",""FTIR.2"",549.875,429.4,437.85,12.1,2.8,3.1,1.5,0.9,0.65,0.585,0.52,0.52,55.5,545.1818182,119.5510204,30.91034483,5.118333333"
"2025-04-09 05:00:00,5,2025-04-09,""LUFA"",""FTIR.2"",626.6,436.466666666667,437.6,19.65,3.3,3,1.875,0.966666666666667,0.85,0.6225,0.54,0.55,50.25,545.1818182,119.5510204,30.91034483,5.488333333"
"2025-04-09 06:00:00,6,2025-04-09,""LUFA"",""FTIR.2"",594.25,429.75,441.55,17.875,3.1,3.4,1.675,0.8,0.85,0.605,0.545,0.54,52.75,545.1818182,119.5510204,30.91034483,6.308333333"
"2025-04-09 07:00:00,7,2025-04-09,""LUFA"",""FTIR.2"",577.725,436.8,439.2,15.775,2.8,3.75,1.5,0.8,0.65,0.61,0.57,0.56,49.5,545.1818182,119.5510204,30.91034483,10.42166667"
"2025-04-09 08:00:00,8,2025-04-09,""LUFA"",""FTIR.2"",621.275,439.8,447.35,19.875,3.4,3.45,1.75,0.75,0.7,0.665,0.625,0.615,46.5,545.1818182,119.5510204,30.91034483,17.73166667"
"2025-04-09 09:00:00,9,2025-04-09,""LUFA"",""FTIR.2"",555.725,429.95,441.15,14.675,2.75,3.7,1.45,0.65,0.85,0.715,0.685,0.67,47,545.1818182,119.5510204,30.91034483,18.70583333"
"2025-04-09 10:00:00,10,2025-04-09,""LUFA"",""FTIR.2"",531.325,418.7,431.85,13.775,2.95,3.65,1.55,0.8,0.85,0.7775,0.725,0.74,44.5,545.1818182,119.5510204,30.91034483,18.5175"
"2025-04-09 11:00:00,11,2025-04-09,""LUFA"",""FTIR.2"",511.875,416.9,420.65,12.775,4.1,3.55,1.575,0.7,0.9,0.7075,0.63,0.645,47.25,545.1818182,119.5510204,30.91034483,17.63833333"
"2025-04-09 12:00:00,12,2025-04-09,""LUFA"",""FTIR.2"",509.35,414.433333333333,417.05,12.125,3.4,3.3,1.55,0.766666666666667,0.85,0.65,0.59,0.585,48.75,545.1818182,119.5510204,30.91034483,17.0975"
"2025-04-09 13:00:00,13,2025-04-09,""LUFA"",""FTIR.2"",506.25,416.3,419.35,11.875,3.85,3.6,1.45,0.85,0.9,0.665,0.59,0.61,46.75,545.1818182,119.5510204,30.91034483,15.97083333"
"2025-04-09 14:00:00,14,2025-04-09,""LUFA"",""FTIR.2"",495.175,410.85,412.85,11.275,3.35,3.05,1.7,0.95,0.9,0.6575,0.6,0.6,42.25,545.1818182,119.5510204,30.91034483,15.15083333"
"2025-04-09 15:00:00,15,2025-04-09,""LUFA"",""FTIR.2"",509.525,413.85,428.6,12.375,3.35,4.5,1.5,0.8,1,0.6675,0.605,0.615,42.25,545.1818182,119.5510204,30.91034483,14.99666667"
"2025-04-09 16:00:00,16,2025-04-09,""LUFA"",""FTIR.2"",507.95,411.35,429.4,11.8,2.9,4.9,1.5,1,0.9,0.6875,0.645,0.64,43.5,545.1818182,119.5510204,30.91034483,13.51416667"
"2025-04-09 17:00:00,17,2025-04-09,""LUFA"",""FTIR.2"",524.575,414.7,422.2,13.725,3.25,4.25,1.4,0.8,0.8,0.715,0.66,0.665,46.25,545.1818182,119.5510204,30.91034483,12.0975"
"2025-04-09 18:00:00,18,2025-04-09,""LUFA"",""FTIR.2"",534.35,418.45,417.85,14.375,3.6,3.8,1.5,0.8,0.85,0.725,0.67,0.675,46.75,545.1818182,119.5510204,30.91034483,10.41083333"
"2025-04-09 19:00:00,19,2025-04-09,""LUFA"",""FTIR.2"",560.25,415.85,425.2,16.55,3.25,4.45,1.65,0.95,0.9,0.7375,0.68,0.675,45.75,545.1818182,119.5510204,30.91034483,8.985"
"2025-04-09 20:00:00,20,2025-04-09,""LUFA"",""FTIR.2"",533.45,414.05,429.35,13.925,2.85,4.65,1.6,0.9,0.7,0.76,0.73,0.72,47.5,545.1818182,119.5510204,30.91034483,7.58"
"2025-04-09 21:00:00,21,2025-04-09,""LUFA"",""FTIR.2"",523.35,413.65,425.45,13.35,3.45,4.35,1.475,0.8,0.75,0.795,0.755,0.76,47.75,545.1818182,119.5510204,30.91034483,6.568333333"
"2025-04-09 22:00:00,22,2025-04-09,""LUFA"",""FTIR.2"",523.4,413.6,432.45,12.475,2.7,4.95,1.4,0.85,0.95,0.775,0.735,0.74,48.25,545.1818182,119.5510204,30.91034483,5.710833333"
"2025-04-09 23:00:00,23,2025-04-09,""LUFA"",""FTIR.2"",514.175,415.8,445.95,11.6,2.75,6.05,1.4,0.7,0.85,0.7575,0.72,0.725,49.5,545.1818182,119.5510204,30.91034483,5.425"
"2025-04-10 00:00:00,0,2025-04-10,""LUFA"",""FTIR.2"",548.975,422.9,456.95,14.2,3.15,6.4,1.375,0.85,0.9,0.75,0.71,0.72,56.6,545.1818182,119.5510204,31.315,4.9"
"2025-04-10 01:00:00,1,2025-04-10,""LUFA"",""FTIR.2"",524.025,422.05,446.7,11.875,3,5.55,1.275,0.65,0.9,0.75,0.725,0.725,56.75,545.1818182,119.5510204,31.315,5.066666667"
"2025-04-10 02:00:00,2,2025-04-10,""LUFA"",""FTIR.2"",513.05,423.1,457.25,10.825,2.95,6.15,1.2,0.75,0.9,0.75,0.72,0.73,56.75,545.1818182,119.5510204,31.315,5.486666667"
"2025-04-10 03:00:00,3,2025-04-10,""LUFA"",""FTIR.2"",532.425,421.45,448,12.45,2.85,5.4,1.35,0.7,0.8,0.76,0.735,0.735,57.25,545.1818182,119.5510204,31.315,5.5825"
"2025-04-10 04:00:00,4,2025-04-10,""LUFA"",""FTIR.2"",533.625,420.7,443.8,13.15,2.8,5.45,1.45,0.85,0.75,0.775,0.75,0.75,51.25,545.1818182,119.5510204,31.315,5.5675"
"2025-04-10 05:00:00,5,2025-04-10,""LUFA"",""FTIR.2"",556.95,420.5,432.85,16.225,3.1,4.85,1.75,0.75,0.75,0.79,0.75,0.755,52.25,545.1818182,119.5510204,31.315,6.015833333"
"2025-04-10 06:00:00,6,2025-04-10,""LUFA"",""FTIR.2"",580.625,421.2,445.3,18.175,3.55,5.9,1.525,0.9,0.8,0.795,0.76,0.76,52.25,545.1818182,119.5510204,31.315,6.741666667"
"2025-04-10 07:00:00,7,2025-04-10,""LUFA"",""FTIR.2"",568.525,420.3,437.65,16.55,3,5,1.45,0.85,0.9,0.7925,0.745,0.755,51.75,545.1818182,119.5510204,31.315,7.99"
"2025-04-10 08:00:00,8,2025-04-10,""LUFA"",""FTIR.2"",536.675,417.35,441.4,14.125,2.8,5.3,1.45,0.7,1,0.765,0.725,0.73,52.75,545.1818182,119.5510204,31.315,8.808333333"
"2025-04-10 09:00:00,9,2025-04-10,""LUFA"",""FTIR.2"",541.875,417.2,422.45,14.35,2.85,3.5,1.525,0.75,0.75,0.7675,0.72,0.725,46.5,545.1818182,119.5510204,31.315,10.09666667"
"2025-04-10 10:00:00,10,2025-04-10,""LUFA"",""FTIR.2"",515.175,416.7,425.25,12.325,3.15,3.9,1.475,0.7,0.85,0.7675,0.735,0.73,46,545.1818182,119.5510204,31.315,13.65166667"
"2025-04-10 11:00:00,11,2025-04-10,""LUFA"",""FTIR.2"",518.7,420.3,435.8,13.675,3.3,5.2,1.625,0.85,0.95,0.7825,0.75,0.755,47.25,545.1818182,119.5510204,31.315,14.71083333"
"2025-04-10 12:00:00,12,2025-04-10,""LUFA"",""FTIR.2"",495.375,412.65,428.7,10.875,3.05,4.35,1.5,0.7,0.95,0.795,0.76,0.755,45.25,545.1818182,119.5510204,31.315,16.03083333"
"2025-04-10 13:00:00,13,2025-04-10,""LUFA"",""FTIR.2"",513.925,411.35,436.2,12.95,2.7,5.3,1.55,0.7,1,0.8075,0.77,0.775,49.75,545.1818182,119.5510204,31.315,16.76166667"
"2025-04-10 14:00:00,14,2025-04-10,""LUFA"",""FTIR.2"",496.7,410,431.5,11.425,2.9,4.85,1.45,0.7,0.9,0.8175,0.775,0.785,47,545.1818182,119.5510204,31.315,15.39166667"
"2025-04-10 15:00:00,15,2025-04-10,""LUFA"",""FTIR.2"",488.8,408.35,425.1,10.85,2.95,4.4,1.7,0.8,1.15,0.825,0.79,0.795,49.5,545.1818182,119.5510204,31.315,16.50583333"
"2025-04-10 16:00:00,16,2025-04-10,""LUFA"",""FTIR.2"",494.425,408.7,422.4,11.25,3.05,4.25,1.675,0.85,0.85,0.835,0.8,0.8,48.5,545.1818182,119.5510204,31.315,15.40583333"
"2025-04-10 17:00:00,17,2025-04-10,""LUFA"",""FTIR.2"",501.625,407.75,428.4,11.725,2.75,4.8,1.8,0.8,1,0.8325,0.785,0.795,48.5,545.1818182,119.5510204,31.315,12.99083333"
"2025-04-10 18:00:00,18,2025-04-10,""LUFA"",""FTIR.2"",535.975,409.9,441.95,15.775,2.85,5.9,1.8,0.9,1.05,0.825,0.765,0.785,50,545.1818182,119.5510204,31.315,10.65166667"
"2025-04-10 19:00:00,19,2025-04-10,""LUFA"",""FTIR.2"",514.375,412.05,444.2,11.975,2.7,5.65,1.425,0.75,1,0.805,0.78,0.785,53,545.1818182,119.5510204,31.315,8.799166667"
"2025-04-10 20:00:00,20,2025-04-10,""LUFA"",""FTIR.2"",506.575,414.95,442.3,10.975,2.7,5.2,1.325,0.8,1,0.8125,0.78,0.785,50.25,545.1818182,119.5510204,31.315,7.319166667"
"2025-04-10 21:00:00,21,2025-04-10,""LUFA"",""FTIR.2"",481.9,415.1,436.75,8.55,3.05,4.6,1.275,0.9,1.05,0.79,0.765,0.775,49.25,545.1818182,119.5510204,31.315,7.268333333"
"2025-04-10 22:00:00,22,2025-04-10,""LUFA"",""FTIR.2"",453.575,415.2,435.3,5.925,3,4.3,1.275,0.9,0.9,0.77,0.755,0.76,50.25,545.1818182,119.5510204,31.315,7.165"
"2025-04-10 23:00:00,23,2025-04-10,""LUFA"",""FTIR.2"",449.75,414.35,432.5,5.7,3,4.15,1.225,0.75,0.85,0.76,0.75,0.75,49,545.1818182,119.5510204,31.315,7.190833333"
"2025-04-11 00:00:00,0,2025-04-11,""LUFA"",""FTIR.2"",462.225,414.9,436.9,6.675,3.15,4.4,1.175,0.85,0.85,0.76,0.75,0.75,49,545.1818182,119.5510204,31.21864407,6.895833333"
"2025-04-11 01:00:00,1,2025-04-11,""LUFA"",""FTIR.2"",473.8,415.95,442.7,7.775,3.1,4.9,1.275,0.7,0.75,0.7775,0.765,0.765,47.4,545.1818182,119.5510204,31.21864407,6.143333333"
"2025-04-11 02:00:00,2,2025-04-11,""LUFA"",""FTIR.2"",475.75,415.7,436.7,7.925,2.8,4.6,1.325,0.75,0.8,0.7925,0.775,0.78,48.75,545.1818182,119.5510204,31.21864407,5.969166667"
"2025-04-11 03:00:00,3,2025-04-11,""LUFA"",""FTIR.2"",478.125,413.75,430.85,8.175,2.85,4.3,1.325,0.75,0.9,0.76,0.73,0.735,50.75,545.1818182,119.5510204,31.21864407,6.251666667"
"2025-04-11 04:00:00,4,2025-04-11,""LUFA"",""FTIR.2"",489.775,415.6,433.45,8.75,2.7,4.3,1.25,0.7,0.75,0.745,0.725,0.725,54,545.1818182,119.5510204,31.21864407,6.549166667"
"2025-04-11 05:00:00,5,2025-04-11,""LUFA"",""FTIR.2"",500.9,415.4,431.05,10.65,3,4.2,1.4,0.7,0.85,0.755,0.735,0.735,51,545.1818182,119.5510204,31.21864407,7.038333333"
"2025-04-11 06:00:00,6,2025-04-11,""LUFA"",""FTIR.2"",514.825,415,440.9,12.6,2.75,5.25,1.525,0.9,0.9,0.77,0.745,0.75,51.5,545.1818182,119.5510204,31.21864407,8.2375"
"2025-04-11 07:00:00,7,2025-04-11,""LUFA"",""FTIR.2"",512.675,413.6,434.75,12.575,2.8,4.9,1.3,0.7,0.95,0.7825,0.765,0.76,52.5,545.1818182,119.5510204,31.21864407,11.62166667"
"2025-04-11 08:00:00,8,2025-04-11,""LUFA"",""FTIR.2"",497.725,412.65,430.9,11.025,2.8,4.7,1.375,0.85,0.95,0.7975,0.78,0.775,53,545.1818182,119.5510204,31.21864407,14.85916667"
"2025-04-11 09:00:00,9,2025-04-11,""LUFA"",""FTIR.2"",486.95,410.2,425.85,9.95,2.75,4.35,1.425,0.8,0.95,0.8175,0.79,0.79,48.5,545.1818182,119.5510204,31.21864407,15.85666667"
"2025-04-11 10:00:00,10,2025-04-11,""LUFA"",""FTIR.2"",491.575,408.2,426.3,12.6,2.9,4.6,1.625,0.65,1.05,0.8275,0.8,0.8,45.5,545.1818182,119.5510204,31.21864407,12.95166667"
"2025-04-11 11:00:00,11,2025-04-11,""LUFA"",""FTIR.2"",508.15,407.55,426.8,13.825,3.1,5,1.7,0.7,1,0.835,0.795,0.8,46,545.1818182,119.5510204,31.21864407,12.64833333"
"2025-04-11 12:00:00,12,2025-04-11,""LUFA"",""FTIR.2"",517.975,407.7,427.45,14.1,2.75,4.75,1.625,0.7,1.1,0.8375,0.805,0.805,45.5,545.1818182,119.5510204,31.21864407,13.685"
"2025-04-11 13:00:00,13,2025-04-11,""LUFA"",""FTIR.2"",492.425,407.35,427.2,11.05,2.95,4.75,1.6,0.9,1.1,0.84,0.81,0.81,43.25,545.1818182,119.5510204,31.21864407,16.23666667"
"2025-04-11 14:00:00,14,2025-04-11,""LUFA"",""FTIR.2"",510.575,406.9,430.55,12.35,3.05,5,1.475,0.85,1,0.845,0.82,0.83,47,545.1818182,119.5510204,31.21864407,17.26"
"2025-04-11 15:00:00,15,2025-04-11,""LUFA"",""FTIR.2"",499.475,405.05,426.7,11.55,3,4.85,1.675,0.85,0.95,0.85,0.82,0.825,45.25,545.1818182,119.5510204,31.21864407,16.01916667"
"2025-04-11 16:00:00,16,2025-04-11,""LUFA"",""FTIR.2"",513.225,407.3,413.45,12.925,3.1,3.7,1.85,0.8,1.05,0.87,0.82,0.825,45.25,545.1818182,119.5510204,31.21864407,15.745"
"2025-04-11 17:00:00,17,2025-04-11,""LUFA"",""FTIR.2"",537.775,409.3,410.8,15.15,3.05,3.35,2.125,0.8,0.9,0.885,0.825,0.83,46.75,545.1818182,119.5510204,31.21864407,14.79166667"
"2025-04-11 18:00:00,18,2025-04-11,""LUFA"",""FTIR.2"",621,406.3,433.35,22.6,3.05,5.95,2.775,1,1,0.9225,0.845,0.845,47.5,545.1818182,119.5510204,31.21864407,13.53833333"
"2025-04-11 19:00:00,19,2025-04-11,""LUFA"",""FTIR.2"",634.475,418.7,453.45,23.55,3.3,6.95,2.525,1.05,1.2,0.9375,0.855,0.86,47,545.1818182,119.5510204,31.21864407,13.01083333"
"2025-04-11 20:00:00,20,2025-04-11,""LUFA"",""FTIR.2"",593.45,421.65,467.5,17.825,3.3,7.4,2.05,1,1.3,0.9275,0.865,0.865,45.5,545.1818182,119.5510204,31.21864407,12.75916667"
"2025-04-11 21:00:00,21,2025-04-11,""LUFA"",""FTIR.2"",606.7,431.2,474.35,18.925,3.8,7.55,2.1,0.9,1.3,0.945,0.88,0.885,47.75,545.1818182,119.5510204,31.21864407,12.80833333"
"2025-04-11 22:00:00,22,2025-04-11,""LUFA"",""FTIR.2"",563.325,423.75,491.65,14.575,3.65,8.75,1.875,0.95,1.2,0.95,0.9,0.91,48,545.1818182,119.5510204,31.21864407,11.15333333"
"2025-04-11 23:00:00,23,2025-04-11,""LUFA"",""FTIR.2"",562.025,416.3,451.6,15.2,3.4,6.4,1.975,0.95,1.05,0.9825,0.94,0.94,45.5,545.1818182,119.5510204,31.21864407,9.908333333"
"2025-04-12 00:00:00,0,2025-04-12,""LUFA"",""FTIR.2"",619.225,421.85,432.7,19.925,3.35,5.1,2.2,0.85,0.9,1.0225,0.955,0.965,44.75,545.1818182,119.5510204,31.28305085,8.869166667"
"2025-04-12 01:00:00,1,2025-04-12,""LUFA"",""FTIR.2"",607.15,420.35,436.3,18.5,3.45,5.05,2.25,0.85,1,1.025,0.97,0.965,48.2,545.1818182,119.5510204,31.28305085,7.8525"
"2025-04-12 02:00:00,2,2025-04-12,""LUFA"",""FTIR.2"",586.175,425.95,440.85,16.4,3.35,5.35,2.125,0.85,1.05,1.0025,0.935,0.96,50.5,545.1818182,119.5510204,31.28305085,8.175833333"
"2025-04-12 03:00:00,3,2025-04-12,""LUFA"",""FTIR.2"",559.025,428,455.6,13.875,3.3,5.75,1.975,1.05,0.95,0.98,0.925,0.945,45.75,545.1818182,119.5510204,31.28305085,8.700833333"
"2025-04-12 04:00:00,4,2025-04-12,""LUFA"",""FTIR.2"",575.625,424.95,437.05,15.125,3.2,3.8,1.95,0.85,1,0.9725,0.965,0.95,52.25,545.1818182,119.5510204,31.28305085,8.885"
"2025-04-12 05:00:00,5,2025-04-12,""LUFA"",""FTIR.2"",569.7,424.4,427.15,16.325,3.1,3.7,2.2,0.9,0.9,1.0025,0.97,0.97,48.25,545.1818182,119.5510204,31.28305085,9.3125"
"2025-04-12 06:00:00,6,2025-04-12,""LUFA"",""FTIR.2"",590.65,426.25,440.85,19.3,3.25,4.2,1.85,0.8,1,1.0125,0.98,0.975,47.75,545.1818182,119.5510204,31.28305085,9.8525"
"2025-04-12 07:00:00,7,2025-04-12,""LUFA"",""FTIR.2"",600.975,426.7,460.85,19.85,3.5,6.3,1.825,0.95,1.2,1.025,0.975,0.985,49.25,545.1818182,119.5510204,31.28305085,10.31833333"
"2025-04-12 08:00:00,8,2025-04-12,""LUFA"",""FTIR.2"",562.775,417.9,446.35,17.125,2.9,5.7,2.1,0.95,1.25,1.0175,0.965,0.975,50.25,545.1818182,119.5510204,31.28305085,10.82833333"
"2025-04-12 09:00:00,9,2025-04-12,""LUFA"",""FTIR.2"",565.225,416.4,437.8,18.175,3.25,5.35,2.05,0.9,1,1.01,0.965,0.965,50.5,545.1818182,119.5510204,31.28305085,13.40166667"
"2025-04-12 10:00:00,10,2025-04-12,""LUFA"",""FTIR.2"",530.475,413.9,422.95,14.725,3.15,3.65,1.8,0.8,0.85,1.0075,0.965,0.97,47.5,545.1818182,119.5510204,31.28305085,18.76916667"
"2025-04-12 11:00:00,11,2025-04-12,""LUFA"",""FTIR.2"",545.05,412.25,416.2,15.825,3.15,3.55,1.65,0.8,0.9,1.005,0.935,0.95,47,545.1818182,119.5510204,31.28305085,19.75583333"
"2025-04-12 12:00:00,12,2025-04-12,""LUFA"",""FTIR.2"",531.525,409.6,412.1,14.15,2.8,2.85,1.875,0.9,0.95,1.0025,0.93,0.94,46.25,545.1818182,119.5510204,31.28305085,21.28583333"
"2025-04-12 13:00:00,13,2025-04-12,""LUFA"",""FTIR.2"",536.525,408.2,411.9,14.725,2.85,3,2.1,1,0.95,0.985,0.9,0.92,46,545.1818182,119.5510204,31.28305085,21.39333333"
"2025-04-12 14:00:00,14,2025-04-12,""LUFA"",""FTIR.2"",518.425,408.3,416.85,13.45,2.75,3.5,2.325,0.95,0.9,0.935,0.85,0.865,46.5,545.1818182,119.5510204,31.28305085,18.80666667"
"2025-04-12 15:00:00,15,2025-04-12,""LUFA"",""FTIR.2"",532.675,407.4,413.05,14.8,3.2,3.4,2,1.1,1.05,0.9075,0.84,0.835,44.5,545.1818182,119.5510204,31.28305085,21.35333333"
"2025-04-12 16:00:00,16,2025-04-12,""LUFA"",""FTIR.2"",517.5,407.533333333333,403.7,13.125,3,2.75,1.85,1.03333333333333,0.9,0.8825,0.8,0.81,44.75,545.1818182,119.5510204,31.28305085,19.65"
"2025-04-12 17:00:00,17,2025-04-12,""LUFA"",""FTIR.2"",556.25,409.2,403.2,16.475,3.55,2.65,1.85,1.1,1,0.8225,0.72,0.745,46.75,545.1818182,119.5510204,31.28305085,15.295"
"2025-04-12 18:00:00,18,2025-04-12,""LUFA"",""FTIR.2"",599.575,421.4,404.05,20.375,4.6,2.6,2.3,1.2,0.85,0.8425,0.75,0.73,46.75,545.1818182,119.5510204,31.28305085,12.14916667"
"2025-04-12 19:00:00,19,2025-04-12,""LUFA"",""FTIR.2"",647.55,412.25,404.4,24.625,3.2,2.85,2.05,1,0.95,0.9225,0.85,0.835,47.5,545.1818182,119.5510204,31.28305085,10.58333333"
"2025-04-12 20:00:00,20,2025-04-12,""LUFA"",""FTIR.2"",754.025,431.55,410.1,32.95,4.3,2.9,2.375,0.9,0.9,0.9775,0.87,0.86,47.25,545.1818182,119.5510204,31.28305085,9.678333333"
"2025-04-12 21:00:00,21,2025-04-12,""LUFA"",""FTIR.2"",745.45,421.35,419.05,31.1,2.8,2.85,2.425,0.85,0.9,0.9675,0.845,0.85,47.75,545.1818182,119.5510204,31.28305085,8.9425"
"2025-04-12 22:00:00,22,2025-04-12,""LUFA"",""FTIR.2"",719.675,435.5,423.15,27.175,3.4,2.8,2.55,0.9,0.85,0.9025,0.8,0.8,46.5,545.1818182,119.5510204,31.28305085,8.393333333"
"2025-04-12 23:00:00,23,2025-04-12,""LUFA"",""FTIR.2"",694.55,424.733333333333,421.45,25.1,3.16666666666667,2.75,2.3,0.766666666666667,0.85,0.8775,0.803333333333333,0.81,45.5,545.1818182,119.5510204,31.28305085,7.313333333"
"2025-04-13 00:00:00,0,2025-04-13,""LUFA"",""FTIR.2"",660.525,431.85,424.15,22.05,3.6,2.85,2.2,0.95,0.8,0.89,0.82,0.835,49,545.1818182,119.5510204,31.075,8.0475"
"2025-04-13 01:00:00,1,2025-04-13,""LUFA"",""FTIR.2"",660.45,442.7,439.1,21.05,2.95,2.95,2.025,0.95,0.95,0.885,0.8,0.83,49,545.1818182,119.5510204,31.075,7.1225"
"2025-04-13 02:00:00,2,2025-04-13,""LUFA"",""FTIR.2"",615.975,423.15,426.2,17.95,2.8,2.85,1.85,0.95,0.9,0.905,0.84,0.855,49.75,545.1818182,119.5510204,31.075,7.5725"
"2025-04-13 03:00:00,3,2025-04-13,""LUFA"",""FTIR.2"",591,431.45,430,15.375,2.9,2.9,1.525,0.8,0.8,0.8825,0.82,0.85,50.25,545.1818182,119.5510204,31.075,8.071666667"
"2025-04-13 04:00:00,4,2025-04-13,""LUFA"",""FTIR.2"",585.425,499.05,431.75,14.525,2.85,2.9,1.475,0.85,0.8,0.8675,0.815,0.84,52.75,545.1818182,119.5510204,31.075,8.995"
"2025-04-13 05:00:00,5,2025-04-13,""LUFA"",""FTIR.2"",578.6,438.55,431.5,15.3,3.5,2.85,1.825,1.45,0.7,0.865,0.825,0.84,53,545.1818182,119.5510204,31.075,11.76333333"
"2025-04-13 06:00:00,6,2025-04-13,""LUFA"",""FTIR.2"",732.725,434.85,422.1,34.375,3.5,3.1,2,1.3,0.8,0.92,0.86,0.855,51,545.1818182,119.5510204,31.075,16.02"
"2025-04-13 07:00:00,7,2025-04-13,""LUFA"",""FTIR.2"",653.9,424,418.85,26.95,2.95,3,1.675,0.9,0.7,0.935,0.91,0.87,49.25,545.1818182,119.5510204,31.075,19.66416667"
"2025-04-13 08:00:00,8,2025-04-13,""LUFA"",""FTIR.2"",617.8,413.8,415.95,25.6,3.05,3.15,2.375,0.9,0.85,0.9675,0.995,0.91,46.25,545.1818182,119.5510204,31.075,20.4425"
"2025-04-13 09:00:00,9,2025-04-13,""LUFA"",""FTIR.2"",596.425,412.3,410.9,22.575,3,2.9,2.375,0.9,0.7,1.0125,0.925,0.94,49.5,545.1818182,119.5510204,31.075,22.9175"
"2025-04-13 10:00:00,10,2025-04-13,""LUFA"",""FTIR.2"",585.375,408.4,409.55,21.3,3,2.75,2.8,0.85,0.9,1.0475,0.955,0.955,46.25,545.1818182,119.5510204,31.075,22.21083333"
"2025-04-13 11:00:00,11,2025-04-13,""LUFA"",""FTIR.2"",548.4,406.3,410.6,17.05,2.85,3,2.675,0.95,1,1.06,0.96,0.955,48.25,545.1818182,119.5510204,31.075,23.2575"
"2025-04-13 12:00:00,12,2025-04-13,""LUFA"",""FTIR.2"",542.125,404.85,407,16.225,2.8,3.1,2.7,1,0.9,1.0725,0.98,0.98,46.75,545.1818182,119.5510204,31.075,23.03416667"
"2025-04-13 13:00:00,13,2025-04-13,""LUFA"",""FTIR.2"",484.775,403.5,404.9,10.4,2.85,3.25,2.45,0.9,1.2,1.0625,1,1,47.25,545.1818182,119.5510204,31.075,22.05166667"
"2025-04-13 14:00:00,14,2025-04-13,""LUFA"",""FTIR.2"",485.2,403.3,404.4,10.475,2.85,3.3,2.275,1,1.1,1.0775,1.015,1.03,50.75,545.1818182,119.5510204,31.075,19.90166667"
"2025-04-13 15:00:00,15,2025-04-13,""LUFA"",""FTIR.2"",481.975,405,420.5,10.175,2.8,4.15,2.025,0.95,1,1.0725,1.035,1.035,50.25,545.1818182,119.5510204,31.075,20.78416667"
"2025-04-13 16:00:00,16,2025-04-13,""LUFA"",""FTIR.2"",499,407.05,431.5,11.475,3.1,4.9,1.8,1,1.15,1.0975,1.08,1.075,50,545.1818182,119.5510204,31.075,19.8125"
"2025-04-13 17:00:00,17,2025-04-13,""LUFA"",""FTIR.2"",514.175,404.35,431.2,12.375,2.9,5,1.675,1,1.1,1.1575,1.1,1.12,46.5,545.1818182,119.5510204,31.075,17.80416667"
"2025-04-13 18:00:00,18,2025-04-13,""LUFA"",""FTIR.2"",547.55,407.2,438.6,15.35,3.3,5.65,2.025,1,1.25,1.15,1.09,1.085,47,545.1818182,119.5510204,31.075,16.905"
"2025-04-13 19:00:00,19,2025-04-13,""LUFA"",""FTIR.2"",633.225,413.75,466.25,22.175,3.05,7.65,2.725,1.05,1.4,1.21,1.125,1.14,46.25,545.1818182,119.5510204,31.075,14.97583333"
"2025-04-13 20:00:00,20,2025-04-13,""LUFA"",""FTIR.2"",584.15,416.65,508.2,17.175,3.15,11,2.425,0.95,1.5,1.1925,1.12,1.15,49,545.1818182,119.5510204,31.075,13.31833333"
"2025-04-13 21:00:00,21,2025-04-13,""LUFA"",""FTIR.2"",540.925,414.7,436.15,13.55,3,4.7,2.2,1.1,1.1,1.2325,1.265,1.205,48.75,545.1818182,119.5510204,31.075,12.90333333"
"2025-04-13 22:00:00,22,2025-04-13,""LUFA"",""FTIR.2"",634.45,422.25,445.25,20.3,2.8,4.75,3.05,1.05,1.05,1.3725,1.305,1.305,47.75,545.1818182,119.5510204,31.075,12.69583333"
"2025-04-13 23:00:00,23,2025-04-13,""LUFA"",""FTIR.2"",648.375,426,430.35,20.8,3.3,3.75,3.025,1.1,1,1.3675,1.3,1.3,48,545.1818182,119.5510204,31.075,11.44916667"
"2025-04-14 00:00:00,0,2025-04-14,""LUFA"",""FTIR.2"",602.5,424.45,424.6,16.8,2.75,2.85,2.35,1.05,1,1.33,1.25,1.27,46.5,545.1818182,119.5510204,31.88,11.2"
"2025-04-14 01:00:00,1,2025-04-14,""LUFA"",""FTIR.2"",560.15,426.1,429.95,12.9,2.95,3.1,1.925,0.8,1,1.255,1.18,1.22,47.4,545.1818182,119.5510204,31.88,10.4"
"2025-04-14 02:00:00,2,2025-04-14,""LUFA"",""FTIR.2"",573.05,429.3,441.9,13.75,2.95,3.9,2.325,0.9,1,1.2275,1.135,1.185,50.5,545.1818182,119.5510204,31.88,9.66"
"2025-04-14 03:00:00,3,2025-04-14,""LUFA"",""FTIR.2"",662.2,428.7,433.9,20,3.05,3.15,2.7,1,1.05,1.2,1.065,1.12,48.5,545.1818182,119.5510204,31.88,9.51"
"2025-04-14 04:00:00,4,2025-04-14,""LUFA"",""FTIR.2"",602.45,442.35,433.15,15.3,3.6,3.7,2.275,1.1,1.05,1.1625,1.025,1.1,51.5,545.1818182,119.5510204,31.88,9.55"
"2025-04-14 05:00:00,5,2025-04-14,""LUFA"",""FTIR.2"",732.475,433.45,445.2,31.75,3.05,3.85,3.375,1.05,1.2,1.1475,1.02,1.045,53.25,545.1818182,119.5510204,31.88,12.76"
"2025-04-14 06:00:00,6,2025-04-14,""LUFA"",""FTIR.2"",662.15,441.4,441.1,24.15,3.1,3.05,2.6,1,0.9,1.145,1.105,1.225,50,545.1818182,119.5510204,31.88,17.38"
"2025-04-14 07:00:00,7,2025-04-14,""LUFA"",""FTIR.2"",629.15,434.45,448.7,21.275,3,3.95,2.2,0.85,1.1,1.1675,1.145,1.145,48.75,545.1818182,119.5510204,31.88,19.85"
"2025-04-14 08:00:00,8,2025-04-14,""LUFA"",""FTIR.2"",528.225,422.35,433.35,11.95,2.8,3.3,1.9,0.95,0.9,1.2075,1.28,1.19,50,545.1818182,119.5510204,31.88,21.23"
"2025-04-14 09:00:00,9,2025-04-14,""LUFA"",""FTIR.2"",515.875,419.2,440.45,11.75,3,4.65,2,0.8,1.15,1.28,1.45,1.275,50.25,545.1818182,119.5510204,31.88,23.6"
"2025-04-14 10:00:00,10,2025-04-14,""LUFA"",""FTIR.2"",504.325,417.533333333333,440.55,11.7,3,4.95,2.375,0.966666666666667,1.3,1.2875,1.31666666666667,1.27,45.5,545.1818182,119.5510204,31.88,23.74"
"2025-04-14 11:00:00,11,2025-04-14,""LUFA"",""FTIR.2"",537.65,411.7,419.65,16.525,3.2,3.55,2.475,0.85,1.2,1.2925,1.205,1.215,50.5,545.1818182,119.5510204,31.88,24.36"
"2025-04-14 12:00:00,12,2025-04-14,""LUFA"",""FTIR.2"",558.9,410.75,419.8,18.25,3.45,3.7,2.6,1.15,1.25,1.23,1.105,1.145,49,545.1818182,119.5510204,31.88,22.98"
"2025-04-14 13:00:00,13,2025-04-14,""LUFA"",""FTIR.2"",533.925,407.75,427.55,15.275,2.9,4.7,2.475,0.95,1.3,1.07,0.89,0.97,46.75,545.1818182,119.5510204,31.88,22.7"
"2025-04-14 14:00:00,14,2025-04-14,""LUFA"",""FTIR.2"",520.425,406.35,422.9,14.35,3.1,4.85,2.4,1,1.2,0.9075,0.82,0.83,46.5,545.1818182,119.5510204,31.88,22.42"
"2025-04-14 15:00:00,15,2025-04-14,""LUFA"",""FTIR.2"",589.075,413.4,424.5,19.9,3.45,4.45,3,1.15,1.15,0.93,0.805,0.815,48.75,545.1818182,119.5510204,31.88,23.67"
"2025-04-14 16:00:00,16,2025-04-14,""LUFA"",""FTIR.2"",568.9,405.5,430.75,17.45,2.8,4.9,2.825,1.1,1.2,0.9,0.78,0.785,48.5,545.1818182,119.5510204,31.88,22.06"
"2025-04-14 17:00:00,17,2025-04-14,""LUFA"",""FTIR.2"",562.9,413,431.55,16.5,3.3,5,2.6,1.03333333333333,1.2,0.865,0.753333333333333,0.765,49,545.1818182,119.5510204,31.88,17.88"
"2025-04-14 18:00:00,18,2025-04-14,""LUFA"",""FTIR.2"",590.475,412.6,404.2,18.35,4,2.55,2.55,1,0.85,0.86,0.77,0.735,51,545.1818182,119.5510204,31.88,15.07"
"2025-04-14 19:00:00,19,2025-04-14,""LUFA"",""FTIR.2"",637.65,443.2,405.25,23.625,5.95,2.7,2.975,1.25,1.05,0.97,0.865,0.85,50,545.1818182,119.5510204,31.88,13.48"
"2025-04-14 20:00:00,20,2025-04-14,""LUFA"",""FTIR.2"",771.35,415.6,413.45,34.45,3.6,2.75,3.25,1,1.05,1.005,0.835,0.845,48,545.1818182,119.5510204,31.88,12.01"
"2025-04-14 21:00:00,21,2025-04-14,""LUFA"",""FTIR.2"",788.175,427.6,414.25,33.925,3.55,2.85,3.5,0.95,0.95,0.995,0.835,0.825,47.5,545.1818182,119.5510204,31.88,11.59"
"2025-04-14 22:00:00,22,2025-04-14,""LUFA"",""FTIR.2"",707.05,462.95,437.1,25.15,4.95,2.85,2.525,0.95,1.05,0.94,0.835,0.83,47.5,545.1818182,119.5510204,31.88,11.35"
"2025-04-14 23:00:00,23,2025-04-14,""LUFA"",""FTIR.2"",723.15,442.2,438.1,26.075,3.4,3,2.375,1.05,0.95,0.94,0.835,0.83,49,545.1818182,119.5510204,31.88,12.2"
"2025-04-15 00:00:00,0,2025-04-15,""LUFA"",""FTIR.2"",704.325,474.6,466.05,22.475,3.3,2.85,2.45,0.9,1,0.95,0.875,0.86,49,545.1818182,119.5510204,31.62166667,12.92"
"2025-04-15 01:00:00,1,2025-04-15,""LUFA"",""FTIR.2"",609.75,457.95,449.75,15.025,3.35,3.05,1.85,1,0.95,0.9875,0.95,0.93,48,545.1818182,119.5510204,31.62166667,11.38"
"2025-04-15 02:00:00,2,2025-04-15,""LUFA"",""FTIR.2"",613.55,449.5,442,16.225,3.95,2.95,1.825,1.1,0.85,1.055,0.995,0.98,50,545.1818182,119.5510204,31.62166667,11.81"
"2025-04-15 03:00:00,3,2025-04-15,""LUFA"",""FTIR.2"",545.65,441.4,435.35,11.2,3.75,2.95,1.375,0.9,0.95,1.06,1.03,1.025,50,545.1818182,119.5510204,31.62166667,12.43"
"2025-04-15 04:00:00,4,2025-04-15,""LUFA"",""FTIR.2"",636.35,447.55,433.15,18.125,3.6,2.9,1.7,0.95,0.85,1.13,1.085,1.075,50.5,545.1818182,119.5510204,31.62166667,12.06"
"2025-04-15 05:00:00,5,2025-04-15,""LUFA"",""FTIR.2"",637.725,461.7,427,21.25,4.2,2.85,2.4,1.05,0.9,1.17,1.115,1.11,54.25,545.1818182,119.5510204,31.62166667,16.18"
"2025-04-15 06:00:00,6,2025-04-15,""LUFA"",""FTIR.2"",769.15,458.05,428.65,36.05,4.2,2.9,2.475,2.05,0.9,1.1875,1.105,1.11,51,545.1818182,119.5510204,31.62166667,19.98"
"2025-04-15 07:00:00,7,2025-04-15,""LUFA"",""FTIR.2"",744.1,436.65,419.45,35.475,2.95,2.85,2.85,1,1.05,1.22,1.15,1.135,50.25,545.1818182,119.5510204,31.62166667,22.18"
"2025-04-15 08:00:00,8,2025-04-15,""LUFA"",""FTIR.2"",638.575,417.85,417.25,25.3,3.1,2.85,2.8,1.05,0.8,1.2625,1.17,1.175,49,545.1818182,119.5510204,31.62166667,24.37"
"2025-04-15 09:00:00,9,2025-04-15,""LUFA"",""FTIR.2"",602.84,416.8,413.3,21.78,3.8,2.8,2.99,1,0.9,1.299,1.2,1.195,51.75,545.1818182,119.5510204,31.62166667,24.64"
"2025-04-15 10:00:00,10,2025-04-15,""LUFA"",""FTIR.2"",570.049152542373,NA,NA,18.2372881355932,NA,NA,2.56779661016949,NA,NA,1.33067796610169,NA,NA,52,545.1818182,119.5510204,31.62166667,23.44"
"2025-04-15 11:00:00,NA,2025-04-15,""LUFA"",""FTIR.2"",344.92,NA,NA,29.87,NA,NA,1.54,NA,NA,0.9375,NA,NA,NA,NA,NA,NA,NA"
"2025-04-08 12:00:00,12,2025-04-08,""ANECO"",""FTIR.3"",584.767578194444,494.3654829375,491.147061166667,8.80002900958915,0,0,0.192825224738623,0.12472849847409,0.0799236403600019,NA,NA,NA,42.5,545.1818182,119.5510204,30.06491228,18.21"
"2025-04-08 13:00:00,13,2025-04-08,""ANECO"",""FTIR.3"",580.019580277778,493.2172795,492.849611277778,7.5222148658523,0.00894817618635702,0,0.169615348978029,0.11166215612752,0.0693138982399197,NA,NA,NA,43,545.1818182,119.5510204,30.06491228,18.67"
"2025-04-08 14:00:00,14,2025-04-08,""ANECO"",""FTIR.3"",604.995591138889,493.925589333333,494.620803833333,11.6962419722325,0.00530207301039069,0.00877829682928096,0.14832748486996,0.0522092245882267,0.0894377753559405,NA,NA,NA,40.5,545.1818182,119.5510204,30.06491228,14.42333333"
"2025-04-08 15:00:00,15,2025-04-08,""ANECO"",""FTIR.3"",559.093035083333,490.317219352941,495.081232944444,3.54626361080427,0,0.142759464160432,0.197809832663266,0.213319781488204,0.19414248467616,NA,NA,NA,43,545.1818182,119.5510204,30.06491228,14.64583333"
"2025-04-08 16:00:00,16,2025-04-08,""ANECO"",""FTIR.3"",611.556721027778,496.583342,488.183509444444,11.5756844927252,0.0396749575333541,0,0.201905159479521,0.100957278653846,0.227525952981797,NA,NA,NA,45,545.1818182,119.5510204,30.06491228,15.29916667"
"2025-04-08 17:00:00,17,2025-04-08,""ANECO"",""FTIR.3"",649.211436972222,496.168956,495.289300944444,16.295932449133,0,0.16484898084601,0.220530427668404,0.103798067658984,0.152145942152231,NA,NA,NA,49.25,545.1818182,119.5510204,30.06491228,11.7575"
"2025-04-08 18:00:00,18,2025-04-08,""ANECO"",""FTIR.3"",581.566994222222,495.833855055556,489.4233565,8.68669331368872,0.0630617686760183,0,0.176842550575895,0.141590707252887,0.137691605365678,NA,NA,NA,42.5,545.1818182,119.5510204,30.06491228,8.716666667"
"2025-04-08 19:00:00,19,2025-04-08,""ANECO"",""FTIR.3"",660.024000333333,495.197422588235,492.411781777778,15.72449937561,0.0133015989199795,0,0.215006249787385,0.148865828428828,0.0925496418157663,NA,NA,NA,44.75,545.1818182,119.5510204,30.06491228,8.058333333"
"2025-04-08 20:00:00,20,2025-04-08,""ANECO"",""FTIR.3"",736.264102555556,512.650585722222,529.469680444444,23.8558378510366,0.255038080532107,1.58147188329749,0.176933987374462,0.171456427485467,0.204052127128156,NA,NA,NA,44.25,545.1818182,119.5510204,30.06491228,7.235"
"2025-04-08 21:00:00,21,2025-04-08,""ANECO"",""FTIR.3"",642.491,492.884886666667,493.441923,14.9373301597363,0,0,0.158565644394182,0.143528738345371,0.146931789174496,NA,NA,NA,48.5,545.1818182,119.5510204,30.06491228,6.799166667"
"2025-04-08 22:00:00,22,2025-04-08,""ANECO"",""FTIR.3"",709.875999333333,505.273078055556,503.778201277778,17.3631851538874,0,0,0.181568215760154,0.0798185592386964,0.0941657105161969,NA,NA,NA,53.75,545.1818182,119.5510204,30.06491228,6.248333333"
"2025-04-08 23:00:00,23,2025-04-08,""ANECO"",""FTIR.3"",767.901578833333,508.866395529412,512.282428833333,22.052335301333,0,0,0.132668753633832,0.104323112384529,0.125441202777598,NA,NA,NA,52.5,545.1818182,119.5510204,30.06491228,5.838333333"
"2025-04-09 00:00:00,0,2025-04-09,""ANECO"",""FTIR.3"",743.650481527778,494.315431315789,493.009799777778,22.4245139737793,0,0,0.117296007999413,0.177067217871913,0.119387684450431,NA,NA,NA,51.25,545.1818182,119.5510204,30.91034483,5.329166667"
"2025-04-09 01:00:00,1,2025-04-09,""ANECO"",""FTIR.3"",742.706257444444,498.629235222222,494.887297722222,22.1476628579779,0.00613153694851413,0,0.15345768085161,0.10110942722157,0.120238729129526,NA,NA,NA,55,545.1818182,119.5510204,30.91034483,6.3125"
"2025-04-09 02:00:00,2,2025-04-09,""ANECO"",""FTIR.3"",778.918241,495.822763941176,497.143774111111,25.0006590354062,0,0,0.224282087768423,0.112466545406117,0.116811620661724,NA,NA,NA,56.25,545.1818182,119.5510204,30.91034483,5.664166667"
"2025-04-09 03:00:00,3,2025-04-09,""ANECO"",""FTIR.3"",731.7778275,497.638823611111,499.027049944444,21.1362387107208,0,0.0558778612245428,0.15645550104656,0.0756231731384322,0.0924821239072715,NA,NA,NA,56.75,545.1818182,119.5510204,30.91034483,4.918333333"
"2025-04-09 04:00:00,4,2025-04-09,""ANECO"",""FTIR.3"",629.755636805556,496.593146222222,503.516833944444,8.38887050245023,0,0,0.19182206390277,0.113522503985124,0.139292332971276,NA,NA,NA,55.5,545.1818182,119.5510204,30.91034483,5.118333333"
"2025-04-09 05:00:00,5,2025-04-09,""ANECO"",""FTIR.3"",711.081284694444,496.588944611111,503.313883833333,19.0480010710731,0,0,0.164728932980011,0.113354760075749,0.0603575947158446,NA,NA,NA,50.25,545.1818182,119.5510204,30.91034483,5.488333333"
"2025-04-09 06:00:00,6,2025-04-09,""ANECO"",""FTIR.3"",683.353540388889,496.315566117647,508.972730166667,17.3007933657255,0,0.00795310951558603,0.167382336946663,0.131762217081914,0.112801757147876,NA,NA,NA,52.75,545.1818182,119.5510204,30.91034483,6.308333333"
"2025-04-09 07:00:00,7,2025-04-09,""ANECO"",""FTIR.3"",653.807247777778,497.495380833333,503.899007277778,14.5235308198219,0,0,0.13906481076605,0.100768517363672,0.120841207382952,NA,NA,NA,49.5,545.1818182,119.5510204,30.91034483,10.42166667"
"2025-04-09 08:00:00,8,2025-04-09,""ANECO"",""FTIR.3"",693.22146075,501.978310166667,516.004896388889,18.5182657003528,0,0.0318813025391209,0.166248238153381,0.102525092606479,0.0845789251217459,NA,NA,NA,46.5,545.1818182,119.5510204,30.91034483,17.73166667"
"2025-04-09 09:00:00,9,2025-04-09,""ANECO"",""FTIR.3"",615.882575666667,494.877052875,502.569750473684,11.0415987765328,0,0,0.172607521194265,0.0731728299412434,0.127161567473684,NA,NA,NA,47,545.1818182,119.5510204,30.91034483,18.70583333"
"2025-04-09 10:00:00,10,2025-04-09,""ANECO"",""FTIR.3"",599.001846861111,490.966096666667,503.195180444444,3.40979733461661,0,0,0.241195151143423,0.166618789680123,0.0887241791267371,NA,NA,NA,44.5,545.1818182,119.5510204,30.91034483,18.5175"
"2025-04-09 11:00:00,11,2025-04-09,""ANECO"",""FTIR.3"",571.81214325,492.385965444444,495.883117529412,4.9273203158737,0,0,0.203026330070097,0.092043674645185,0.214023557801147,NA,NA,NA,47.25,545.1818182,119.5510204,30.91034483,17.63833333"
"2025-04-09 12:00:00,12,2025-04-09,""ANECO"",""FTIR.3"",576.059017027778,492.562740777778,498.493821888889,5.91964357237497,0,0,0.287422233270772,0.121881470702975,0.247435601509297,NA,NA,NA,48.75,545.1818182,119.5510204,30.91034483,17.0975"
"2025-04-09 13:00:00,13,2025-04-09,""ANECO"",""FTIR.3"",574.356542388889,493.596321111111,497.804369111111,6.02211960737381,0,0.0633684181167914,0.228078262106821,0.124745266110051,0.125453484950431,NA,NA,NA,46.75,545.1818182,119.5510204,30.91034483,15.97083333"
"2025-04-09 14:00:00,14,2025-04-09,""ANECO"",""FTIR.3"",572.20701825,491.969578444444,492.719346055556,5.55803835030068,0,0,0.285338248364308,0.0736745071174887,0.152358822505187,NA,NA,NA,42.25,545.1818182,119.5510204,30.91034483,15.15083333"
"2025-04-09 15:00:00,15,2025-04-09,""ANECO"",""FTIR.3"",587.572636166667,493.633587833333,500.510767944444,10.0400883153838,0,0.125808477092633,0.257522851847255,0.0740435999832648,0.147522439798248,NA,NA,NA,42.25,545.1818182,119.5510204,30.91034483,14.99666667"
"2025-04-09 16:00:00,16,2025-04-09,""ANECO"",""FTIR.3"",592.153756083333,491.450417222222,501.793124222222,7.51807386870371,0,0.0464937727866272,0.267272733601218,0.168626287933304,0.184609407933255,NA,NA,NA,43.5,545.1818182,119.5510204,30.91034483,13.51416667"
"2025-04-09 17:00:00,17,2025-04-09,""ANECO"",""FTIR.3"",591.701905638889,494.313345944444,501.113248666667,8.01191777760832,0,0,0.237873456700259,0.0717589824518007,0.198992030255236,NA,NA,NA,46.25,545.1818182,119.5510204,30.91034483,12.0975"
"2025-04-09 18:00:00,18,2025-04-09,""ANECO"",""FTIR.3"",609.453696861111,492.9069395,499.838757333333,13.0206689950315,0,0,0.178656542189837,0.155137647510178,0.121479873271482,NA,NA,NA,46.75,545.1818182,119.5510204,30.91034483,10.41083333"
"2025-04-09 19:00:00,19,2025-04-09,""ANECO"",""FTIR.3"",645.564366611111,493.042831333333,501.689635388889,17.4510107768151,0,0.067748710680798,0.227358852581841,0.162706752854375,0.103300017521873,NA,NA,NA,45.75,545.1818182,119.5510204,30.91034483,8.985"
"2025-04-09 20:00:00,20,2025-04-09,""ANECO"",""FTIR.3"",590.242227027778,491.927661277778,499.120147444444,3.72753036777112,0,0,0.33649193954908,0.104056424605158,0.200813932541691,NA,NA,NA,47.5,545.1818182,119.5510204,30.91034483,7.58"
"2025-04-09 21:00:00,21,2025-04-09,""ANECO"",""FTIR.3"",586.372930111111,491.823271944444,499.571085166667,1.98341101781315,0,0,0.225946668833382,0.202614939617587,0.143015800029458,NA,NA,NA,47.75,545.1818182,119.5510204,30.91034483,6.568333333"
"2025-04-09 22:00:00,22,2025-04-09,""ANECO"",""FTIR.3"",595.332811638889,488.070235777778,500.998933444444,5.00552549971561,0,0,0.238131559957942,0.133289952926992,0.228897739669603,NA,NA,NA,48.25,545.1818182,119.5510204,30.91034483,5.710833333"
"2025-04-09 23:00:00,23,2025-04-09,""ANECO"",""FTIR.3"",597.610355333333,491.601365666667,507.2605235,6.91390713047226,0,0.0634715434355258,0.246858673808965,0.162869854637649,0.194367484209924,NA,NA,NA,49.5,545.1818182,119.5510204,30.91034483,5.425"
"2025-04-10 00:00:00,0,2025-04-10,""ANECO"",""FTIR.3"",634.319371388889,496.736538944444,510.600116666667,15.3619484458106,0,0.0603258084679447,0.23362631381283,0.213545083880896,0.261582755655216,NA,NA,NA,56.6,545.1818182,119.5510204,31.315,4.9"
"2025-04-10 01:00:00,1,2025-04-10,""ANECO"",""FTIR.3"",599.80341825,494.322148166667,512.898100166667,6.2032706330831,0,0.0820600584645678,0.230006585937537,0.155722173725582,0.104546464914611,NA,NA,NA,56.75,545.1818182,119.5510204,31.315,5.066666667"
"2025-04-10 02:00:00,2,2025-04-10,""ANECO"",""FTIR.3"",600.2881455,495.957055166667,522.863870222222,6.10498093393521,0,0,0.173344310362938,0.146228626261352,0.244208784284547,NA,NA,NA,56.75,545.1818182,119.5510204,31.315,5.486666667"
"2025-04-10 03:00:00,3,2025-04-10,""ANECO"",""FTIR.3"",595.0152675,494.398340166667,512.754647222222,6.43598330883494,0,0,0.223149137161627,0.156690691338569,0.151044098276081,NA,NA,NA,57.25,545.1818182,119.5510204,31.315,5.5825"
"2025-04-10 04:00:00,4,2025-04-10,""ANECO"",""FTIR.3"",610.246668833333,492.285543277778,508.290069888889,7.46046077693854,0,0,0.167224482007046,0.106935126950871,0.276503978527843,NA,NA,NA,51.25,545.1818182,119.5510204,31.315,5.5675"
"2025-04-10 05:00:00,5,2025-04-10,""ANECO"",""FTIR.3"",631.415717305556,492.905211055556,500.812739444444,11.1556357427993,0,0,0.237033395179071,0.158100253180662,0.141417876540712,NA,NA,NA,52.25,545.1818182,119.5510204,31.315,6.015833333"
"2025-04-10 06:00:00,6,2025-04-10,""ANECO"",""FTIR.3"",656.349259638889,494.060252666667,507.5194185,17.6013106875584,0,0,0.193163838283372,0.152088305069877,0.190956929255138,NA,NA,NA,52.25,545.1818182,119.5510204,31.315,6.741666667"
"2025-04-10 07:00:00,7,2025-04-10,""ANECO"",""FTIR.3"",646.224084611111,492.154658444444,499.0463405,15.4445423109114,0,0,0.229710569096007,0.127801622678998,0.229415167249266,NA,NA,NA,51.75,545.1818182,119.5510204,31.315,7.99"
"2025-04-10 08:00:00,8,2025-04-10,""ANECO"",""FTIR.3"",609.887030055556,492.066916,505.293452222222,9.79339712174548,0,0,0.221521781612498,0.155932806251657,0.209708766688784,NA,NA,NA,52.75,545.1818182,119.5510204,31.315,8.808333333"
"2025-04-10 09:00:00,9,2025-04-10,""ANECO"",""FTIR.3"",607.434581194444,493.262123722222,495.393498,8.71691106112219,0,0,0.210009527407785,0.18867900928807,0.151107171634958,NA,NA,NA,46.5,545.1818182,119.5510204,31.315,10.09666667"
"2025-04-10 10:00:00,10,2025-04-10,""ANECO"",""FTIR.3"",585.560505527778,492.861981823529,495.187926555556,4.9356175491635,0,0,0.215874161456988,0.198832567242444,0.21345003486881,NA,NA,NA,46,545.1818182,119.5510204,31.315,13.65166667"
"2025-04-10 11:00:00,11,2025-04-10,""ANECO"",""FTIR.3"",588.818046861111,494.180301722222,501.099716111111,2.1832465305473,0,0,0.299951016895601,0.19901867402339,0.210569959776913,NA,NA,NA,47.25,545.1818182,119.5510204,31.315,14.71083333"
"2025-04-10 12:00:00,12,2025-04-10,""ANECO"",""FTIR.3"",570.917713194444,488.340416833333,496.605152388889,1.58339198758196,0,0,0.354371546327584,0.169868298928019,0.276848348769818,NA,NA,NA,45.25,545.1818182,119.5510204,31.315,16.03083333"
"2025-04-10 13:00:00,13,2025-04-10,""ANECO"",""FTIR.3"",569.169250194444,490.178023666667,505.4640505,0.342472726644768,0,0,0.272364856771726,0.171456266008906,0.225268890753474,NA,NA,NA,49.75,545.1818182,119.5510204,31.315,16.76166667"
"2025-04-10 14:00:00,14,2025-04-10,""ANECO"",""FTIR.3"",579.220431777778,489.995139470588,502.902019111111,2.46423121987529,0,0,0.332540527188369,0.206074565813582,0.144445365288021,NA,NA,NA,47,545.1818182,119.5510204,31.315,15.39166667"
"2025-04-10 15:00:00,15,2025-04-10,""ANECO"",""FTIR.3"",560.880453833333,489.864149722222,499.697117444444,1.11895560500948,0,0,0.281686110715502,0.160439720459385,0.21271863415184,NA,NA,NA,49.5,545.1818182,119.5510204,31.315,16.50583333"
"2025-04-10 16:00:00,16,2025-04-10,""ANECO"",""FTIR.3"",565.622675444444,486.371625333333,500.670596111111,2.19084872938126,0,0,0.302621043077584,0.123483010165982,0.252045249158397,NA,NA,NA,48.5,545.1818182,119.5510204,31.315,15.40583333"
"2025-04-10 17:00:00,17,2025-04-10,""ANECO"",""FTIR.3"",560.746630888889,484.965279777778,498.792176611111,0.956898836863051,0,0,0.303446579217802,0.229762311825259,0.189603195399589,NA,NA,NA,48.5,545.1818182,119.5510204,31.315,12.99083333"
"2025-04-10 18:00:00,18,2025-04-10,""ANECO"",""FTIR.3"",604.023680277778,483.839900352941,509.739989722222,10.0294550739053,0,0,0.279074295282394,0.114379292645867,0.195963262170092,NA,NA,NA,50,545.1818182,119.5510204,31.315,10.65166667"
"2025-04-10 19:00:00,19,2025-04-10,""ANECO"",""FTIR.3"",579.869558888889,488.248405166667,508.488045777778,2.37567571816352,0,0,0.28091133826764,0.19627629041378,0.286000159786847,NA,NA,NA,53,545.1818182,119.5510204,31.315,8.799166667"
"2025-04-10 20:00:00,20,2025-04-10,""ANECO"",""FTIR.3"",578.130938222222,493.487067388889,511.203731333333,0.470792785968594,0,0,0.240890396286333,0.148182335982139,0.220763400965796,NA,NA,NA,50.25,545.1818182,119.5510204,31.315,7.319166667"
"2025-04-10 21:00:00,21,2025-04-10,""ANECO"",""FTIR.3"",551.649169805556,495.137583647059,506.765552944444,0,0,0,0.27055180457729,0.134214141302321,0.124024763389949,NA,NA,NA,49.25,545.1818182,119.5510204,31.315,7.268333333"
"2025-04-10 22:00:00,22,2025-04-10,""ANECO"",""FTIR.3"",516.517250944444,493.425091611111,503.947789944444,0,0,0,0.230802520062194,0.190030184308426,0.212485045038119,NA,NA,NA,50.25,545.1818182,119.5510204,31.315,7.165"
"2025-04-10 23:00:00,23,2025-04-10,""ANECO"",""FTIR.3"",511.003153444444,493.487410833333,500.976404,0,0,0,0.185108625766442,0.154145939310677,0.163007968160403,NA,NA,NA,49,545.1818182,119.5510204,31.315,7.190833333"
"2025-04-11 00:00:00,0,2025-04-11,""ANECO"",""FTIR.3"",528.211213111111,490.944460105263,501.3499335,0.0282546881184019,0,0,0.237830270789049,0.18912248425965,0.159010284246477,NA,NA,NA,49,545.1818182,119.5510204,31.21864407,6.895833333"
"2025-04-11 01:00:00,1,2025-04-11,""ANECO"",""FTIR.3"",540.561487944444,492.505186470588,507.539619666667,0,0,0,0.199846316541398,0.0950236722404753,0.141194330192308,NA,NA,NA,47.4,545.1818182,119.5510204,31.21864407,6.143333333"
"2025-04-11 02:00:00,2,2025-04-11,""ANECO"",""FTIR.3"",541.41875925,494.067534944444,502.946393722222,0,0,0,0.266173400496159,0.15833275376928,0.176313313201165,NA,NA,NA,48.75,545.1818182,119.5510204,31.21864407,5.969166667"
"2025-04-11 03:00:00,3,2025-04-11,""ANECO"",""FTIR.3"",550.60316025,490.700257833333,499.272297388889,0.680167548663913,0,0,0.203640780855378,0.133713306519475,0.175124763997064,NA,NA,NA,50.75,545.1818182,119.5510204,31.21864407,6.251666667"
"2025-04-11 04:00:00,4,2025-04-11,""ANECO"",""FTIR.3"",558.201295861111,490.895430555556,500.494278333333,0.209183640931473,0,0,0.269052804485247,0.165182387641955,0.216708467545165,NA,NA,NA,54,545.1818182,119.5510204,31.21864407,6.549166667"
"2025-04-11 05:00:00,5,2025-04-11,""ANECO"",""FTIR.3"",575.772993222222,491.611432888889,501.701207611111,0.0988420238137469,0,0,0.272832404720273,0.133742050687316,0.155103400560922,NA,NA,NA,51,545.1818182,119.5510204,31.21864407,7.038333333"
"2025-04-11 06:00:00,6,2025-04-11,""ANECO"",""FTIR.3"",577.977074944444,492.185516666667,501.581580722222,2.08147485437409,0,0,0.298064856301845,0.134451399847671,0.212535045328,NA,NA,NA,51.5,545.1818182,119.5510204,31.21864407,8.2375"
"2025-04-11 07:00:00,7,2025-04-11,""ANECO"",""FTIR.3"",583.576556638889,490.349310944444,502.450286722222,4.2485987152195,0,0,0.180598214740287,0.239914863160844,0.201564612921951,NA,NA,NA,52.5,545.1818182,119.5510204,31.21864407,11.62166667"
"2025-04-11 08:00:00,8,2025-04-11,""ANECO"",""FTIR.3"",567.414344805556,487.994146555556,501.096616388889,1.40623066815945,0,0,0.259712467657051,0.144397044904727,0.185160738021384,NA,NA,NA,53,545.1818182,119.5510204,31.21864407,14.85916667"
"2025-04-11 09:00:00,9,2025-04-11,""ANECO"",""FTIR.3"",557.103437416667,488.300116888889,499.579461055556,0.277866295823566,0,0,0.252360029321076,0.20044712057521,0.223058605010667,NA,NA,NA,48.5,545.1818182,119.5510204,31.21864407,15.85666667"
"2025-04-11 10:00:00,10,2025-04-11,""ANECO"",""FTIR.3"",556.908141972222,485.395069647059,502.379364555556,0.597468865095413,0,0,0.306858079953049,0.180145634786173,0.247946969263261,NA,NA,NA,45.5,545.1818182,119.5510204,31.21864407,12.95166667"
"2025-04-11 11:00:00,11,2025-04-11,""ANECO"",""FTIR.3"",577.452901027778,486.899085444444,500.835685777778,1.50412749780219,0,0,0.324085269412948,0.199763366993149,0.256992099252887,NA,NA,NA,46,545.1818182,119.5510204,31.21864407,12.64833333"
"2025-04-11 12:00:00,12,2025-04-11,""ANECO"",""FTIR.3"",589.009317527778,487.524782166667,503.175818888889,4.81834552566126,0,0,0.31582467220207,0.209934129375318,0.135578854337101,NA,NA,NA,45.5,545.1818182,119.5510204,31.21864407,13.685"
"2025-04-11 13:00:00,13,2025-04-11,""ANECO"",""FTIR.3"",561.018759944444,486.394249888889,503.559298611111,0.796647786446955,0,0,0.234192503720664,0.159127822544676,0.178188444223967,NA,NA,NA,43.25,545.1818182,119.5510204,31.21864407,16.23666667"
"2025-04-11 14:00:00,14,2025-04-11,""ANECO"",""FTIR.3"",578.957614388889,488.611350470588,505.135701888889,4.1229231810937,0,0,0.260169881182692,0.171777853282132,0.201775663632609,NA,NA,NA,47,545.1818182,119.5510204,31.21864407,17.26"
"2025-04-11 15:00:00,15,2025-04-11,""ANECO"",""FTIR.3"",568.411086194444,489.282894833333,504.723315222222,2.40807879976299,0,0,0.334790185802114,0.137787938269965,0.248266454471668,NA,NA,NA,45.25,545.1818182,119.5510204,31.21864407,16.01916667"
"2025-04-11 16:00:00,16,2025-04-11,""ANECO"",""FTIR.3"",579.588337916667,487.131301666667,496.8167035,5.77873560970041,0,0,0.269225648238378,0.204668844766784,0.231458270362302,NA,NA,NA,45.25,545.1818182,119.5510204,31.21864407,15.745"
"2025-04-11 17:00:00,17,2025-04-11,""ANECO"",""FTIR.3"",609.197551888889,487.659398941176,490.421961666667,11.18419134787,0,0,0.197509131450113,0.214004884338503,0.272967884524026,NA,NA,NA,46.75,545.1818182,119.5510204,31.21864407,14.79166667"
"2025-04-11 18:00:00,18,2025-04-11,""ANECO"",""FTIR.3"",710.797885333333,488.182470611111,508.486010777778,22.5855798486325,0,0,0.245453980997651,0.258715927822813,0.205107504526669,NA,NA,NA,47.5,545.1818182,119.5510204,31.21864407,13.53833333"
"2025-04-11 19:00:00,19,2025-04-11,""ANECO"",""FTIR.3"",722.84319325,502.5770265,525.276310833333,22.7936663015132,0,0,0.301261492412776,0.139469597369593,0.267458920618418,NA,NA,NA,47,545.1818182,119.5510204,31.21864407,13.01083333"
"2025-04-11 20:00:00,20,2025-04-11,""ANECO"",""FTIR.3"",685.117175305556,503.983894111111,535.409430222222,18.816614964542,0,0.0680954343676746,0.244159026201532,0.212973259446076,0.172036007206009,NA,NA,NA,45.5,545.1818182,119.5510204,31.21864407,12.75916667"
"2025-04-11 21:00:00,21,2025-04-11,""ANECO"",""FTIR.3"",697.421432472222,505.293401941176,540.707765722222,19.7284288793126,0,0.0676480768790524,0.234513423809234,0.187717807496736,0.294356146267127,NA,NA,NA,47.75,545.1818182,119.5510204,31.21864407,12.80833333"
"2025-04-11 22:00:00,22,2025-04-11,""ANECO"",""FTIR.3"",645.701096944444,505.861302333333,558.702547555556,11.8590825000799,0,0.395989627956879,0.202802483963129,0.177101892604864,0.342361453289147,NA,NA,NA,48,545.1818182,119.5510204,31.21864407,11.15333333"
"2025-04-11 23:00:00,23,2025-04-11,""ANECO"",""FTIR.3"",654.714910638889,501.444017722222,516.806932666667,15.537498912779,0,0.0672290585003117,0.220956367111201,0.213272586317821,0.247657263993737,NA,NA,NA,45.5,545.1818182,119.5510204,31.21864407,9.908333333"
"2025-04-12 00:00:00,0,2025-04-12,""ANECO"",""FTIR.3"",713.080413111111,508.145256105263,507.2347705,20.5805293071066,0,0.0332263241973192,0.188821221328416,0.171719402151652,0.225512450975044,NA,NA,NA,44.75,545.1818182,119.5510204,31.28305085,8.869166667"
"2025-04-12 01:00:00,1,2025-04-12,""ANECO"",""FTIR.3"",695.480302027778,507.540329470588,506.478285777778,18.7262278152067,0,0,0.172074217784694,0.18629064417369,0.211487979573547,NA,NA,NA,48.2,545.1818182,119.5510204,31.28305085,7.8525"
"2025-04-12 02:00:00,2,2025-04-12,""ANECO"",""FTIR.3"",683.479909055556,501.188506333333,516.201724222222,17.9930175394796,0,0,0.207348177546071,0.198164651667058,0.314473235704541,NA,NA,NA,50.5,545.1818182,119.5510204,31.28305085,8.175833333"
"2025-04-12 03:00:00,3,2025-04-12,""ANECO"",""FTIR.3"",646.193952555556,503.806317666667,524.468222444444,12.6527373395263,0,0,0.154956649768986,0.145237227232237,0.234523382725582,NA,NA,NA,45.75,545.1818182,119.5510204,31.28305085,8.700833333"
"2025-04-12 04:00:00,4,2025-04-12,""ANECO"",""FTIR.3"",661.433089416667,507.669230705882,504.6778745,13.4193077062331,0,0,0.259469819508857,0.228234962922904,0.225465732244617,NA,NA,NA,52.25,545.1818182,119.5510204,31.28305085,8.885"
"2025-04-12 05:00:00,5,2025-04-12,""ANECO"",""FTIR.3"",653.112163611111,504.204796777778,501.962485833333,12.4552621647124,0,0,0.328845360682154,0.104906738288755,0.198240248524271,NA,NA,NA,48.25,545.1818182,119.5510204,31.28305085,9.3125"
"2025-04-12 06:00:00,6,2025-04-12,""ANECO"",""FTIR.3"",672.539424527778,504.001099055556,506.751035555556,18.8696293520464,0,0.0547487078897548,0.245200290253499,0.226109972268937,0.26608609131606,NA,NA,NA,47.75,545.1818182,119.5510204,31.28305085,9.8525"
"2025-04-12 07:00:00,7,2025-04-12,""ANECO"",""FTIR.3"",689.086003305556,504.330753055556,522.321764555556,20.253779729377,0,0.125445058870896,0.23962738532269,0.285126959670141,0.233687173303729,NA,NA,NA,49.25,545.1818182,119.5510204,31.28305085,10.31833333"
"2025-04-12 08:00:00,8,2025-04-12,""ANECO"",""FTIR.3"",646.089888833333,505.453431777778,510.609044888889,14.3205443410676,0,0,0.315117794191427,0.236502120858681,0.139711845280045,NA,NA,NA,50.25,545.1818182,119.5510204,31.28305085,10.82833333"
"2025-04-12 09:00:00,9,2025-04-12,""ANECO"",""FTIR.3"",645.4001175,504.726953222222,511.432555833333,17.3394013531072,0,0.0636968857189838,0.153816667653577,0.117763728012821,0.174824146581033,NA,NA,NA,50.5,545.1818182,119.5510204,31.28305085,13.40166667"
"2025-04-12 10:00:00,10,2025-04-12,""ANECO"",""FTIR.3"",606.719822361111,501.601309764706,503.743813888889,10.4350079484458,0,0,0.280802898517616,0.310744930955166,0.28711405290918,NA,NA,NA,47.5,545.1818182,119.5510204,31.28305085,18.76916667"
"2025-04-12 11:00:00,11,2025-04-12,""ANECO"",""FTIR.3"",615.854736833333,498.627965666667,504.950662611111,13.0280704374831,0,0,0.24903842472891,0.160548218088129,0.229729301110883,NA,NA,NA,47,545.1818182,119.5510204,31.28305085,19.75583333"
"2025-04-12 12:00:00,12,2025-04-12,""ANECO"",""FTIR.3"",601.37949725,498.475001611111,498.293867777778,10.370276167144,0,0,0.280529647881141,0.233142868718193,0.192796215153406,NA,NA,NA,46.25,545.1818182,119.5510204,31.28305085,21.28583333"
"2025-04-12 13:00:00,13,2025-04-12,""ANECO"",""FTIR.3"",603.989594083333,494.189271235294,500.716430777778,10.4922625296416,0,0,0.315525958805662,0.129458363973524,0.262269726588961,NA,NA,NA,46,545.1818182,119.5510204,31.28305085,21.39333333"
"2025-04-12 14:00:00,14,2025-04-12,""ANECO"",""FTIR.3"",590.521607638889,491.396039333333,500.076092666667,8.29973323689903,0,0,0.34500251355916,0.178794034743688,0.146708404980622,NA,NA,NA,46.5,545.1818182,119.5510204,31.28305085,18.80666667"
"2025-04-12 15:00:00,15,2025-04-12,""ANECO"",""FTIR.3"",602.64359675,485.602460388889,495.183606,9.21521061720374,0,0,0.274762935184625,0.223732464390634,0.169206999912018,NA,NA,NA,44.5,545.1818182,119.5510204,31.28305085,21.35333333"
"2025-04-12 16:00:00,16,2025-04-12,""ANECO"",""FTIR.3"",582.835460083333,482.373598777778,481.114149444444,8.12119514800735,0,0,0.249449248749242,0.199811594334997,0.173613030897925,NA,NA,NA,44.75,545.1818182,119.5510204,31.28305085,19.65"
"2025-04-12 17:00:00,17,2025-04-12,""ANECO"",""FTIR.3"",616.74746975,479.610837882353,476.148816888889,13.1229182139764,0,0,0.223157642382144,0.212774877704587,0.169281366061803,NA,NA,NA,46.75,545.1818182,119.5510204,31.28305085,15.295"
"2025-04-12 18:00:00,18,2025-04-12,""ANECO"",""FTIR.3"",653.699536694444,486.424259055556,475.970119055556,18.8003658542674,0.0550830429838425,0,0.233598728686974,0.197088692280241,0.159533631455569,NA,NA,NA,46.75,545.1818182,119.5510204,31.28305085,12.14916667"
"2025-04-12 19:00:00,19,2025-04-12,""ANECO"",""FTIR.3"",712.519760111111,486.853268555556,479.576987611111,23.0726652807504,0,0,0.208239941198057,0.278402676562194,0.107369693565081,NA,NA,NA,47.5,545.1818182,119.5510204,31.28305085,10.58333333"
"2025-04-12 20:00:00,20,2025-04-12,""ANECO"",""FTIR.3"",817.711971,506.304052388889,491.986523222222,31.3506569925244,0,0,0.279094616399711,0.152068873333872,0.227424629562439,NA,NA,NA,47.25,545.1818182,119.5510204,31.28305085,9.678333333"
"2025-04-12 21:00:00,21,2025-04-12,""ANECO"",""FTIR.3"",825.994981972222,503.995060764706,504.536713222222,30.586681497039,0,0,0.264576466086245,0.1306973739266,0.235684407183059,NA,NA,NA,47.75,545.1818182,119.5510204,31.28305085,8.9425"
"2025-04-12 22:00:00,22,2025-04-12,""ANECO"",""FTIR.3"",816.70011825,509.966953722222,507.697890444444,27.1108918885035,0,0,0.230235839363721,0.190725794704786,0.218845583667939,NA,NA,NA,46.5,545.1818182,119.5510204,31.28305085,8.393333333"
"2025-04-12 23:00:00,23,2025-04-12,""ANECO"",""FTIR.3"",772.66984175,504.794584722222,503.453733722222,24.0969664954584,0,0,0.156067568105427,0.180486763047612,0.193500146693384,NA,NA,NA,45.5,545.1818182,119.5510204,31.28305085,7.313333333"
"2025-04-13 00:00:00,0,2025-04-13,""ANECO"",""FTIR.3"",748.403092861111,510.081463222222,504.0456815,22.3576978639189,0,0,0.198506522763139,0.297135697625514,0.232084116774613,NA,NA,NA,49,545.1818182,119.5510204,31.075,8.0475"
"2025-04-13 01:00:00,1,2025-04-13,""ANECO"",""FTIR.3"",750.821061027778,509.870848,510.040507666667,21.8345868349963,0,0,0.260194263006802,0.143369965513799,0.150921294900812,NA,NA,NA,49,545.1818182,119.5510204,31.075,7.1225"
"2025-04-13 02:00:00,2,2025-04-13,""ANECO"",""FTIR.3"",686.382244972222,505.008413722222,508.296352055556,12.4604870240689,0,0,0.258618605508686,0.231375827313662,0.131642760088031,NA,NA,NA,49.75,545.1818182,119.5510204,31.075,7.5725"
"2025-04-13 03:00:00,3,2025-04-13,""ANECO"",""FTIR.3"",673.363189944444,512.091516444444,511.063267722222,13.9473292657247,0,0,0.261028911465967,0.211467414351047,0.185309009604277,NA,NA,NA,50.25,545.1818182,119.5510204,31.075,8.071666667"
"2025-04-13 04:00:00,4,2025-04-13,""ANECO"",""FTIR.3"",651.641821472222,628.145375117647,510.981440166667,10.2114666390395,0,0,0.194084821085168,0.201194689157421,0.24067145151742,NA,NA,NA,52.75,545.1818182,119.5510204,31.075,8.995"
"2025-04-13 05:00:00,5,2025-04-13,""ANECO"",""FTIR.3"",665.908536611111,517.802913166667,510.983187111111,10.1472615897058,0,0,0.246463157942087,0.23929428384356,0.22238104328303,NA,NA,NA,53,545.1818182,119.5510204,31.075,11.76333333"
"2025-04-13 06:00:00,6,2025-04-13,""ANECO"",""FTIR.3"",809.518030194444,512.978310111111,504.588378055556,31.1178132807906,0,0,0.320837905562023,0.311707291248923,0.213530313844392,NA,NA,NA,51,545.1818182,119.5510204,31.075,16.02"
"2025-04-13 07:00:00,7,2025-04-13,""ANECO"",""FTIR.3"",695.607301972222,514.711045833333,504.141743277778,22.2480563388257,0,0,0.293221253618541,0.205157568545753,0.134484332380114,NA,NA,NA,49.25,545.1818182,119.5510204,31.075,19.66416667"
"2025-04-13 08:00:00,8,2025-04-13,""ANECO"",""FTIR.3"",673.688599305556,506.725258941176,503.204543944444,19.3735092874933,0,0,0.365780771993834,0.246046286238057,0.194444498383881,NA,NA,NA,46.25,545.1818182,119.5510204,31.075,20.4425"
"2025-04-13 09:00:00,9,2025-04-13,""ANECO"",""FTIR.3"",676.782112972222,504.308536352941,507.545401111111,20.2139723597616,0,0,0.316008758265243,0.247138534971124,0.215477469020601,NA,NA,NA,49.5,545.1818182,119.5510204,31.075,22.9175"
"2025-04-13 10:00:00,10,2025-04-13,""ANECO"",""FTIR.3"",656.503621722222,500.042650333333,503.542322611111,18.139621085267,0,0,0.362439989489748,0.186881490217557,0.250854045549227,NA,NA,NA,46.25,545.1818182,119.5510204,31.075,22.21083333"
"2025-04-13 11:00:00,11,2025-04-13,""ANECO"",""FTIR.3"",612.388266,497.907541777778,502.522915444444,13.3500223780135,0,0,0.322827326607922,0.293335108651938,0.22849739880412,NA,NA,NA,48.25,545.1818182,119.5510204,31.075,23.2575"
"2025-04-13 12:00:00,12,2025-04-13,""ANECO"",""FTIR.3"",604.862557916667,496.346018176471,502.230781944444,11.8364674287304,0,0,0.286762499847597,0.339600729804998,0.198852942760423,NA,NA,NA,46.75,545.1818182,119.5510204,31.075,23.03416667"
"2025-04-13 13:00:00,13,2025-04-13,""ANECO"",""FTIR.3"",549.885821972222,493.445361333333,499.062872555556,2.74264673446018,0,0,0.3077082204312,0.193740011099726,0.257540636917156,NA,NA,NA,47.25,545.1818182,119.5510204,31.075,22.05166667"
"2025-04-13 14:00:00,14,2025-04-13,""ANECO"",""FTIR.3"",539.887772888889,493.81709,498.008609777778,2.65956404225047,0,0,0.355781134486886,0.224684931217508,0.180575376630505,NA,NA,NA,50.75,545.1818182,119.5510204,31.075,19.90166667"
"2025-04-13 15:00:00,15,2025-04-13,""ANECO"",""FTIR.3"",545.852740916667,496.500114166667,514.7910245,3.44362281913492,0,0.00842440489391106,0.293448857495253,0.182043063534009,0.17999013011558,NA,NA,NA,50.25,545.1818182,119.5510204,31.075,20.78416667"
"2025-04-13 16:00:00,16,2025-04-13,""ANECO"",""FTIR.3"",555.386921027778,502.760139352941,524.663885333333,5.29026019760185,0,0.123790021307045,0.259665844739773,0.120961311347656,0.240468597267665,NA,NA,NA,50,545.1818182,119.5510204,31.075,19.8125"
"2025-04-13 17:00:00,17,2025-04-13,""ANECO"",""FTIR.3"",570.052798305556,499.382881,524.895249388889,6.35570480715303,0,0.297054711723556,0.259433887209312,0.215492695546438,0.218082067524222,NA,NA,NA,46.5,545.1818182,119.5510204,31.075,17.80416667"
"2025-04-13 18:00:00,18,2025-04-13,""ANECO"",""FTIR.3"",607.110852861111,502.985240944444,527.534427333333,12.2887727297765,0,0.494665718685214,0.22064020287226,0.197790251434821,0.203373570913877,NA,NA,NA,47,545.1818182,119.5510204,31.075,16.905"
"2025-04-13 19:00:00,19,2025-04-13,""ANECO"",""FTIR.3"",724.730349666667,509.963828777778,545.149349666667,22.4221487641,0,1.91733996991002,0.200334288052554,0.180716393788168,0.29582685777936,NA,NA,NA,46.25,545.1818182,119.5510204,31.075,14.97583333"
"2025-04-13 20:00:00,20,2025-04-13,""ANECO"",""FTIR.3"",662.256604527778,515.016397058823,576.027397333333,15.0991504997659,0,5.13449685388321,0.288912316399002,0.181808014633985,0.280325945945244,NA,NA,NA,49,545.1818182,119.5510204,31.075,13.31833333"
"2025-04-13 21:00:00,21,2025-04-13,""ANECO"",""FTIR.3"",629.579461916667,520.2406295,542.757253055556,11.0517215454161,0,0.0681604268576995,0.308271794833505,0.272477935644842,0.229332493626933,NA,NA,NA,48.75,545.1818182,119.5510204,31.075,12.90333333"
"2025-04-13 22:00:00,22,2025-04-13,""ANECO"",""FTIR.3"",758.431843055556,534.993862611111,539.090683944444,21.7809704381132,0,0.252623748319877,0.217870458640659,0.253660308783862,0.460901926001174,NA,NA,NA,47.75,545.1818182,119.5510204,31.075,12.69583333"
"2025-04-13 23:00:00,23,2025-04-13,""ANECO"",""FTIR.3"",768.829681944444,544.423425117647,544.609547222222,21.3953531493957,0,0.0149555971625623,0.274651824315571,0.25035854864901,0.324918876154874,NA,NA,NA,48,545.1818182,119.5510204,31.075,11.44916667"
"2025-04-14 00:00:00,0,2025-04-14,""ANECO"",""FTIR.3"",696.055842972222,540.219042947368,542.848789055556,14.1497245297094,0,0,0.31143511147842,0.234921906637096,0.199021092454932,NA,NA,NA,46.5,545.1818182,119.5510204,31.88,11.2"
"2025-04-14 01:00:00,1,2025-04-14,""ANECO"",""FTIR.3"",656.060902666667,536.530476777778,535.993852333333,9.23149717130427,0,0.077347039499948,0.286346297473331,0.261377232005285,0.228197472088227,NA,NA,NA,47.4,545.1818182,119.5510204,31.88,10.4"
"2025-04-14 02:00:00,2,2025-04-14,""ANECO"",""FTIR.3"",676.289525861111,535.772155277778,520.154108777778,9.80655468004606,0,0,0.300754486288682,0.150312378306909,0.225503550900665,NA,NA,NA,50.5,545.1818182,119.5510204,31.88,9.66"
"2025-04-14 03:00:00,3,2025-04-14,""ANECO"",""FTIR.3"",780.493414972222,524.483052058824,526.876393055556,20.0617672133181,0,0.179997812518495,0.23399126419265,0.222979225295292,0.312314244321345,NA,NA,NA,48.5,545.1818182,119.5510204,31.88,9.51"
"2025-04-14 04:00:00,4,2025-04-14,""ANECO"",""FTIR.3"",700.461262694444,522.642864888889,510.0246465,11.9596432247709,0,0,0.247250244120302,0.197276631009053,0.222614664221472,NA,NA,NA,51.5,545.1818182,119.5510204,31.88,9.55"
"2025-04-14 05:00:00,5,2025-04-14,""ANECO"",""FTIR.3"",819.299595222222,513.772824833333,522.580808722222,26.9542093118782,0,0,0.280086527471839,0.198790788545753,0.219377691137992,NA,NA,NA,53.25,545.1818182,119.5510204,31.88,12.76"
"2025-04-14 06:00:00,6,2025-04-14,""ANECO"",""FTIR.3"",749.991369222222,501.609534666667,507.624431777778,22.0050088274815,0,0,0.321758349186044,0.233031595878058,0.218962571789293,NA,NA,NA,50,545.1818182,119.5510204,31.88,17.38"
"2025-04-14 07:00:00,7,2025-04-14,""ANECO"",""FTIR.3"",709.786765472222,495.412832555556,511.013229055556,20.4293941594915,0,0,0.308907921875,0.209683484484292,0.19902497507888,NA,NA,NA,48.75,545.1818182,119.5510204,31.88,19.85"
"2025-04-14 08:00:00,8,2025-04-14,""ANECO"",""FTIR.3"",606.733938583333,533.040058388889,508.749690222222,4.34775890400314,0,0,0.361704935262894,0.221293162985809,0.267515873700577,NA,NA,NA,50,545.1818182,119.5510204,31.88,21.23"
"2025-04-14 09:00:00,9,2025-04-14,""ANECO"",""FTIR.3"",590.209404555556,534.724611777778,509.067700611111,4.20680543135682,0,0.0622978979262781,0.408428146997162,0.21353342776972,0.302578762535819,NA,NA,NA,50.25,545.1818182,119.5510204,31.88,23.6"
"2025-04-14 10:00:00,10,2025-04-14,""ANECO"",""FTIR.3"",576.405709722222,527.249855294118,516.153952222222,3.37659130309362,0,0.0506448816683292,0.401437981596912,0.392531139657646,0.299914006623361,NA,NA,NA,45.5,545.1818182,119.5510204,31.88,23.74"
"2025-04-14 11:00:00,11,2025-04-14,""ANECO"",""FTIR.3"",618.428148805556,523.012970611111,533.226799555556,12.1616078453258,0,0.0130277601633416,0.325072202759713,0.222662108794823,0.212172453798101,NA,NA,NA,50.5,545.1818182,119.5510204,31.88,24.36"
"2025-04-14 12:00:00,12,2025-04-14,""ANECO"",""FTIR.3"",637.712303527778,512.851442944444,521.537757555556,16.5746057234986,0,0.0388098161572631,0.360492107003009,0.269935033359072,0.207559302079712,NA,NA,NA,49,545.1818182,119.5510204,31.88,22.98"
"2025-04-14 13:00:00,13,2025-04-14,""ANECO"",""FTIR.3"",610.344276083333,489.497380944444,516.828655388889,11.9360737714169,0,0,0.368192418597402,0.218723128936876,0.200933110961587,NA,NA,NA,46.75,545.1818182,119.5510204,31.88,22.7"
"2025-04-14 14:00:00,14,2025-04-14,""ANECO"",""FTIR.3"",591.894601611111,483.661684117647,502.1409815,9.32202152124883,0,0.120293185567384,0.350749038678557,0.259380664159235,0.250108873677236,NA,NA,NA,46.5,545.1818182,119.5510204,31.88,22.42"
"2025-04-14 15:00:00,15,2025-04-14,""ANECO"",""FTIR.3"",654.345210722222,490.679541111111,500.269619166667,17.8655624238622,0.114619069096426,0,0.238367998145919,0.165627103048052,0.0911237543623507,NA,NA,NA,48.75,545.1818182,119.5510204,31.88,23.67"
"2025-04-14 16:00:00,16,2025-04-14,""ANECO"",""FTIR.3"",639.58167675,479.962864277778,503.843455611111,16.6004162407254,0,0,0.197294388748777,0.154106116072079,0.223710336917303,NA,NA,NA,48.5,545.1818182,119.5510204,31.88,22.06"
"2025-04-14 17:00:00,17,2025-04-14,""ANECO"",""FTIR.3"",620.786540527778,489.617714111111,508.455851166667,13.9326740129482,0.0852365768645574,0.166592228695085,0.276303007990507,0.143622859224163,0.244407054314837,NA,NA,NA,49,545.1818182,119.5510204,31.88,17.88"
"2025-04-14 18:00:00,18,2025-04-14,""ANECO"",""FTIR.3"",660.493195222222,487.739225823529,476.768310388889,15.4608965281809,0,0,0.215799819977344,0.174017147605869,0.14429936973899,NA,NA,NA,51,545.1818182,119.5510204,31.88,15.07"
"2025-04-14 19:00:00,19,2025-04-14,""ANECO"",""FTIR.3"",706.234849944444,500.977574111111,480.593240444444,22.4277779564439,0.0635391493199294,0,0.221689991167792,0.207416406338276,0.165297659605255,NA,NA,NA,50,545.1818182,119.5510204,31.88,13.48"
"2025-04-14 20:00:00,20,2025-04-14,""ANECO"",""FTIR.3"",828.246445166667,500.740898944444,491.363863833333,31.9687663536636,0.0202965311665628,0,0.247884508474432,0.202374253016784,0.328612916552505,NA,NA,NA,48,545.1818182,119.5510204,31.88,12.01"
"2025-04-14 21:00:00,21,2025-04-14,""ANECO"",""FTIR.3"",844.467307166667,499.939699294118,493.577377888889,33.5824552878368,0,0,0.271786087030216,0.220481905538289,0.239820356094245,NA,NA,NA,47.5,545.1818182,119.5510204,31.88,11.59"
"2025-04-14 22:00:00,22,2025-04-14,""ANECO"",""FTIR.3"",796.626856777778,532.288154833333,512.840675833333,24.2209899107942,0,0,0.262626999083333,0.254126547328587,0.236518193547221,NA,NA,NA,47.5,545.1818182,119.5510204,31.88,11.35"
"2025-04-14 23:00:00,23,2025-04-14,""ANECO"",""FTIR.3"",816.648002972222,519.739658833333,509.784891611111,25.8884626011901,0,0,0.253799435604937,0.248578411865336,0.210706072577559,NA,NA,NA,49,545.1818182,119.5510204,31.88,12.2"
"2025-04-15 00:00:00,0,2025-04-15,""ANECO"",""FTIR.3"",792.934476,539.553420368421,538.048711,22.2942688145233,0,0,0.219059201967582,0.196027597289953,0.280024669613917,NA,NA,NA,49,545.1818182,119.5510204,31.62166667,12.92"
"2025-04-15 01:00:00,1,2025-04-15,""ANECO"",""FTIR.3"",688.770072861111,532.970870411765,517.735612777778,11.3957962592897,0,0,0.256541040362326,0.177060924862872,0.199194222726267,NA,NA,NA,48,545.1818182,119.5510204,31.62166667,11.38"
"2025-04-15 02:00:00,2,2025-04-15,""ANECO"",""FTIR.3"",706.296111472222,514.764476333333,507.627268333333,14.8568435232206,0,0,0.250823668633612,0.111431849171462,0.288982123262674,NA,NA,NA,50,545.1818182,119.5510204,31.62166667,11.81"
"2025-04-15 03:00:00,3,2025-04-15,""ANECO"",""FTIR.3"",633.316805444444,506.562326666667,503.487187277778,7.61525540338355,0,0,0.238966437989797,0.129670700137356,0.150250115816402,NA,NA,NA,50,545.1818182,119.5510204,31.62166667,12.43"
"2025-04-15 04:00:00,4,2025-04-15,""ANECO"",""FTIR.3"",731.393346694444,525.762428388889,512.691140833333,17.6361291450088,0,0,0.213124367748214,0.162093023046584,0.163111644702828,NA,NA,NA,50.5,545.1818182,119.5510204,31.62166667,12.06"
"2025-04-15 05:00:00,5,2025-04-15,""ANECO"",""FTIR.3"",724.22409275,518.851314058824,527.718017777778,19.4003323338371,0.00460040469724586,0,0.31728518530297,0.220833478051518,0.245927037729644,NA,NA,NA,54.25,545.1818182,119.5510204,31.62166667,16.18"
"2025-04-15 06:00:00,6,2025-04-15,""ANECO"",""FTIR.3"",819.410519944444,515.171178555556,526.029327777778,34.2186676416686,0,0,0.252403637727393,0.217754622817479,0.29973975719862,NA,NA,NA,51,545.1818182,119.5510204,31.62166667,19.98"
"2025-04-15 07:00:00,7,2025-04-15,""ANECO"",""FTIR.3"",793.881648222222,535.287366,524.289026555556,34.0932584221305,0,0,0.279366127025543,0.23234765973855,0.214832448644549,NA,NA,NA,50.25,545.1818182,119.5510204,31.62166667,22.18"
"NA,NA,NA,""ANECO"",""FTIR.3"",NA,NA,NA,NA,NA,NA,NA,NA,NA,NA,NA,NA,NA,NA,NA,NA,NA"
"2025-04-08 12:00:00,12,2025-04-08,""MBBM"",""FTIR.4"",561.771458333333,452.567916666667,450.851666666667,12.0445833333333,2.17166666666667,2.06041666666667,0.823333333333333,0.174583333333333,0.139166666666667,0.600833333333333,0.520416666666667,0.54125,42.5,545.1818182,119.5510204,30.06491228,18.21"
"2025-04-08 13:00:00,13,2025-04-08,""MBBM"",""FTIR.4"",556.810416666667,448.55125,447.109583333333,11.1975,2.11916666666667,2.01708333333333,0.818333333333333,0.223333333333333,0.181666666666667,0.590625,0.489166666666667,0.522916666666667,43,545.1818182,119.5510204,30.06491228,18.67"
"2025-04-08 14:00:00,14,2025-04-08,""MBBM"",""FTIR.4"",572.354583333333,455.526666666667,456.59875,13.2041666666667,2.78583333333333,2.91541666666667,0.921666666666667,0.203333333333333,0.245833333333333,0.588125,0.5,0.513333333333333,40.5,545.1818182,119.5510204,30.06491228,14.42333333"
"2025-04-08 15:00:00,15,2025-04-08,""MBBM"",""FTIR.4"",530.980625,450.29875,441.175416666667,9.43958333333333,2.53375,1.91958333333333,0.878333333333333,0.242083333333333,0.185416666666667,0.569791666666667,0.494166666666667,0.51625,43,545.1818182,119.5510204,30.06491228,14.64583333"
"2025-04-08 16:00:00,16,2025-04-08,""MBBM"",""FTIR.4"",595.45875,451.265833333333,440.368333333333,15.2479166666667,2.89291666666667,2.02166666666667,0.9925,0.231666666666667,0.209166666666667,0.61125,0.509166666666667,0.5125,45,545.1818182,119.5510204,30.06491228,15.29916667"
"2025-04-08 17:00:00,17,2025-04-08,""MBBM"",""FTIR.4"",617.532291666667,446.535416666667,453.95625,17.3410416666667,2.48958333333333,3.17291666666667,1.06833333333333,0.262916666666667,0.21875,0.596458333333333,0.49125,0.504166666666667,49.25,545.1818182,119.5510204,30.06491228,11.7575"
"2025-04-08 18:00:00,18,2025-04-08,""MBBM"",""FTIR.4"",557.55625,448.48625,439.242916666667,11.8375,2.72375,2.01916666666667,1.00041666666667,0.262916666666667,0.197083333333333,0.587291666666667,0.497083333333333,0.505,42.5,545.1818182,119.5510204,30.06491228,8.716666667"
"2025-04-08 19:00:00,19,2025-04-08,""MBBM"",""FTIR.4"",627.727291666667,446.472083333333,443.185416666667,17.8366666666667,2.43208333333333,1.95583333333333,0.96875,0.23375,0.19125,0.64125,0.537083333333333,0.547083333333333,44.75,545.1818182,119.5510204,30.06491228,8.058333333"
"2025-04-08 20:00:00,20,2025-04-08,""MBBM"",""FTIR.4"",707.158125,476.579583333333,484.469583333333,23.6575,4.20166666666667,4.81375,1.703125,0.294166666666667,0.319583333333333,0.662083333333333,0.540416666666667,0.543333333333333,44.25,545.1818182,119.5510204,30.06491228,7.235"
"2025-04-08 21:00:00,21,2025-04-08,""MBBM"",""FTIR.4"",603.163125,455.276666666667,452.593333333333,13.4227083333333,2.37916666666667,2.39875,1.32666666666667,0.247083333333333,0.262083333333333,0.620833333333333,0.535833333333333,0.527916666666667,48.5,545.1818182,119.5510204,30.06491228,6.799166667"
"2025-04-08 22:00:00,22,2025-04-08,""MBBM"",""FTIR.4"",659.77875,463.867916666667,475.482916666667,16.7064583333333,2.615,3.15291666666667,1.48270833333333,0.199583333333333,0.282083333333333,0.659375,0.558333333333333,0.575,53.75,545.1818182,119.5510204,30.06491228,6.248333333"
"2025-04-08 23:00:00,23,2025-04-08,""MBBM"",""FTIR.4"",727.744375,465.641111111111,479.920416666667,20.2941666666667,2.10833333333333,1.99958333333333,1.30958333333333,0.224444444444444,0.22,0.695416666666667,0.571944444444444,0.594166666666667,52.5,545.1818182,119.5510204,30.06491228,5.838333333"
"2025-04-09 00:00:00,0,2025-04-09,""MBBM"",""FTIR.4"",705.71625,464.1925,458.42125,20.935,2.22166666666667,1.93458333333333,1.16145833333333,0.2075,0.215416666666667,0.686041666666667,0.5775,0.572083333333333,51.25,545.1818182,119.5510204,30.91034483,5.329166667"
"2025-04-09 01:00:00,1,2025-04-09,""MBBM"",""FTIR.4"",725.233541666667,463.978333333333,456.03,22.4179166666667,2.53666666666667,1.91875,1.35541666666667,0.232916666666667,0.212916666666667,0.660625,0.535416666666667,0.529166666666667,55,545.1818182,119.5510204,30.91034483,6.3125"
"2025-04-09 02:00:00,2,2025-04-09,""MBBM"",""FTIR.4"",738.451875,460.998333333333,457.62,23.048125,2.04541666666667,1.94083333333333,1.63875,0.2575,0.169583333333333,0.663125,0.5375,0.533333333333333,56.25,545.1818182,119.5510204,30.91034483,5.664166667"
"2025-04-09 03:00:00,3,2025-04-09,""MBBM"",""FTIR.4"",695.253125,456.279583333333,463.792916666667,19.869375,1.93666666666667,2.6925,1.538125,0.211666666666667,0.200833333333333,0.622291666666667,0.512916666666667,0.50625,56.75,545.1818182,119.5510204,30.91034483,4.918333333"
"2025-04-09 04:00:00,4,2025-04-09,""MBBM"",""FTIR.4"",587.919791666667,459.27375,469.509166666667,10.8977083333333,2.04375,2.4075,1.121875,0.214166666666667,0.214166666666667,0.590416666666667,0.505,0.518333333333333,55.5,545.1818182,119.5510204,30.91034483,5.118333333"
"2025-04-09 05:00:00,5,2025-04-09,""MBBM"",""FTIR.4"",674.485625,469.340416666667,469.492083333333,17.235,2.06875,1.94,1.15645833333333,0.192916666666667,0.190833333333333,0.641458333333333,0.54375,0.55125,50.25,545.1818182,119.5510204,30.91034483,5.488333333"
"2025-04-09 06:00:00,6,2025-04-09,""MBBM"",""FTIR.4"",635.354166666667,465.565416666667,475.564583333333,15.42625,2.0225,2.4175,1.04145833333333,0.225833333333333,0.19,0.606041666666667,0.53,0.536666666666667,52.75,545.1818182,119.5510204,30.91034483,6.308333333"
"2025-04-09 07:00:00,7,2025-04-09,""MBBM"",""FTIR.4"",620.087083333333,464.729166666667,472.557916666667,14.2864583333333,2.05208333333333,2.50375,1.01520833333333,0.20125,0.232916666666667,0.62125,0.553333333333333,0.559166666666667,49.5,545.1818182,119.5510204,30.91034483,10.42166667"
"2025-04-09 08:00:00,8,2025-04-09,""MBBM"",""FTIR.4"",671.675416666667,472.079583333333,479.3075,18.1908333333333,2.34291666666667,2.605,1.19,0.1975,0.2025,0.686458333333333,0.594166666666667,0.620833333333333,46.5,545.1818182,119.5510204,30.91034483,17.73166667"
"2025-04-09 09:00:00,9,2025-04-09,""MBBM"",""FTIR.4"",597.75625,466.483333333333,472.65375,13.535,2.11333333333333,2.90375,1.023125,0.17625,0.23875,0.720416666666667,0.640833333333333,0.66375,47,545.1818182,119.5510204,30.91034483,18.70583333"
"2025-04-09 10:00:00,10,2025-04-09,""MBBM"",""FTIR.4"",570.018958333333,457.115833333333,464.276666666667,11.9541666666667,2.15666666666667,2.97583333333333,0.963541666666667,0.212916666666667,0.2925,0.784375,0.721666666666667,0.731666666666667,44.5,545.1818182,119.5510204,30.91034483,18.5175"
"2025-04-09 11:00:00,11,2025-04-09,""MBBM"",""FTIR.4"",545.715416666667,446.45,452.232916666667,10.679375,2.27083333333333,2.93416666666667,0.923125,0.19125,0.282916666666667,0.679375,0.622083333333333,0.605416666666667,47.25,545.1818182,119.5510204,30.91034483,17.63833333"
"2025-04-09 12:00:00,12,2025-04-09,""MBBM"",""FTIR.4"",543.27375,443.962916666667,448.4875,10.51,2.3375,2.75666666666667,1.05104166666667,0.221666666666667,0.262916666666667,0.649583333333333,0.555416666666667,0.571666666666667,48.75,545.1818182,119.5510204,30.91034483,17.0975"
"2025-04-09 13:00:00,13,2025-04-09,""MBBM"",""FTIR.4"",540.79375,446.279583333333,452.020833333333,10.3285416666667,2.49083333333333,3.04,1.02979166666667,0.22125,0.212916666666667,0.665416666666667,0.575,0.597916666666667,46.75,545.1818182,119.5510204,30.91034483,15.97083333"
"2025-04-09 14:00:00,14,2025-04-09,""MBBM"",""FTIR.4"",531.136666666667,446.041666666667,444.355833333333,9.86,2.54416666666667,2.49916666666667,1.1225,0.221666666666667,0.218333333333333,0.658958333333333,0.581666666666667,0.587916666666667,42.25,545.1818182,119.5510204,30.91034483,15.15083333"
"2025-04-09 15:00:00,15,2025-04-09,""MBBM"",""FTIR.4"",542.868333333333,444.478333333333,460.720833333333,10.7885416666667,2.5075,3.92583333333333,1.073125,0.2425,0.2725,0.665208333333333,0.576666666666667,0.61,42.25,545.1818182,119.5510204,30.91034483,14.99666667"
"2025-04-09 16:00:00,16,2025-04-09,""MBBM"",""FTIR.4"",542.85625,440.710416666667,461.812916666667,10.536875,2.26333333333333,4.07291666666667,1.054375,0.20375,0.313333333333333,0.696875,0.606666666666667,0.638333333333333,43.5,545.1818182,119.5510204,30.91034483,13.51416667"
"2025-04-09 17:00:00,17,2025-04-09,""MBBM"",""FTIR.4"",560.124375,445.759166666667,452.4775,12.3054166666667,2.67458333333333,3.455,1.02458333333333,0.2375,0.257916666666667,0.717083333333333,0.650416666666667,0.653333333333334,46.25,545.1818182,119.5510204,30.91034483,12.0975"
"2025-04-09 18:00:00,18,2025-04-09,""MBBM"",""FTIR.4"",574.730625,446.25875,449.775416666667,13.395,2.67,3.26875,1.11708333333333,0.219166666666667,0.269583333333333,0.729166666666667,0.650416666666667,0.664166666666667,46.75,545.1818182,119.5510204,30.91034483,10.41083333"
"2025-04-09 19:00:00,19,2025-04-09,""MBBM"",""FTIR.4"",602.992291666667,449.256666666667,456.035,15.60875,2.93125,3.65416666666667,1.26875,0.252916666666667,0.23,0.742083333333333,0.654583333333334,0.665416666666667,45.75,545.1818182,119.5510204,30.91034483,8.985"
"2025-04-09 20:00:00,20,2025-04-09,""MBBM"",""FTIR.4"",575.502916666667,444.07,461.686666666667,13.110625,2.2875,3.98208333333333,1.24375,0.235833333333333,0.282083333333333,0.770416666666667,0.687083333333333,0.712083333333333,47.5,545.1818182,119.5510204,30.91034483,7.58"
"2025-04-09 21:00:00,21,2025-04-09,""MBBM"",""FTIR.4"",565.84625,445.59875,459.056666666667,12.5770833333333,2.29625,3.75375,1.12125,0.225833333333333,0.277083333333333,0.799791666666667,0.73875,0.75125,47.75,545.1818182,119.5510204,30.91034483,6.568333333"
"2025-04-09 22:00:00,22,2025-04-09,""MBBM"",""FTIR.4"",564.529791666667,443.023333333333,464.490833333333,11.765625,2.1225,4.265,1.05,0.223333333333333,0.285833333333333,0.767708333333333,0.71625,0.716666666666667,48.25,545.1818182,119.5510204,30.91034483,5.710833333"
"2025-04-09 23:00:00,23,2025-04-09,""MBBM"",""FTIR.4"",553.700833333333,445.6625,480.515833333333,10.81375,2.15694444444444,5.29416666666667,1.05229166666667,0.199166666666667,0.32625,0.75,0.701111111111111,0.714166666666667,49.5,545.1818182,119.5510204,30.91034483,5.425"
"2025-04-10 00:00:00,0,2025-04-10,""MBBM"",""FTIR.4"",589.27125,451.426666666667,491.23625,13.1983333333333,2.43833333333333,5.6475,1.01729166666667,0.219166666666667,0.359166666666667,0.744583333333333,0.69,0.704166666666667,56.6,545.1818182,119.5510204,31.315,4.9"
"2025-04-10 01:00:00,1,2025-04-10,""MBBM"",""FTIR.4"",563.903958333333,452.732916666667,480.79875,10.9579166666667,2.42625,4.82083333333333,1.00104166666667,0.235833333333333,0.364583333333333,0.750625,0.697916666666667,0.715833333333333,56.75,545.1818182,119.5510204,31.315,5.066666667"
"2025-04-10 02:00:00,2,2025-04-10,""MBBM"",""FTIR.4"",551.571041666667,455.965,491.389166666667,10.0235416666667,2.48875,5.4175,0.896041666666667,0.22,0.382083333333333,0.749166666666667,0.709583333333333,0.71875,56.75,545.1818182,119.5510204,31.315,5.486666667"
"2025-04-10 03:00:00,3,2025-04-10,""MBBM"",""FTIR.4"",573.692291666667,454.167916666667,481.056666666667,11.6245833333333,2.35875,4.67708333333333,0.996041666666667,0.212083333333333,0.325416666666667,0.764375,0.712916666666667,0.728333333333333,57.25,545.1818182,119.5510204,31.315,5.5825"
"2025-04-10 04:00:00,4,2025-04-10,""MBBM"",""FTIR.4"",574.783333333333,449.823333333333,479.60375,11.893125,2.15666666666667,4.85583333333333,0.974375,0.224166666666667,0.334583333333333,0.780625,0.730833333333333,0.743333333333333,51.25,545.1818182,119.5510204,31.315,5.5675"
"2025-04-10 05:00:00,5,2025-04-10,""MBBM"",""FTIR.4"",601.29625,453.006666666667,466.548333333333,14.3477083333333,2.40791666666667,4.05708333333333,1.139375,0.192916666666667,0.230416666666667,0.79375,0.7375,0.743333333333333,52.25,545.1818182,119.5510204,31.315,6.015833333"
"2025-04-10 06:00:00,6,2025-04-10,""MBBM"",""FTIR.4"",626.450208333333,451.553333333333,480.804583333333,16.909375,2.25166666666667,5.05541666666667,1.02020833333333,0.222916666666667,0.235416666666667,0.795625,0.741666666666667,0.748333333333333,52.25,545.1818182,119.5510204,31.315,6.741666667"
"2025-04-10 07:00:00,7,2025-04-10,""MBBM"",""FTIR.4"",612.457291666667,451.63625,471.014583333333,15.3735416666667,2.3,4.25,1.085625,0.224583333333333,0.245833333333333,0.789375,0.737916666666667,0.740416666666667,51.75,545.1818182,119.5510204,31.315,7.99"
"2025-04-10 08:00:00,8,2025-04-10,""MBBM"",""FTIR.4"",576.370416666667,450.549166666667,472.890416666667,13.0841666666667,2.37583333333333,4.37791666666667,1.046875,0.194583333333333,0.267083333333333,0.76,0.71625,0.71625,52.75,545.1818182,119.5510204,31.315,8.808333333"
"2025-04-10 09:00:00,9,2025-04-10,""MBBM"",""FTIR.4"",583.59125,446.943333333333,452.758333333333,13.3875,2.1625,2.84625,1.06270833333333,0.22375,0.222083333333333,0.765625,0.701666666666667,0.705,46.5,545.1818182,119.5510204,31.315,10.09666667"
"2025-04-10 10:00:00,10,2025-04-10,""MBBM"",""FTIR.4"",552.645625,448.692083333333,456.224166666667,10.8979166666667,2.30083333333333,3.11,1.02333333333333,0.209583333333333,0.237083333333333,0.762708333333333,0.708333333333333,0.7125,46,545.1818182,119.5510204,31.315,13.65166667"
"2025-04-10 11:00:00,11,2025-04-10,""MBBM"",""FTIR.4"",556.089166666667,452.769583333333,466.9775,11.3327083333333,2.72708333333333,4.21875,0.966458333333333,0.224166666666667,0.284166666666667,0.78125,0.720416666666666,0.741666666666667,47.25,545.1818182,119.5510204,31.315,14.71083333"
"2025-04-10 12:00:00,12,2025-04-10,""MBBM"",""FTIR.4"",527.691666666667,444.459722222222,460.874583333333,9.160625,2.13527777777778,3.71125,0.950208333333333,0.221111111111111,0.320416666666667,0.785625,0.738333333333333,0.737083333333334,45.25,545.1818182,119.5510204,31.315,16.03083333"
"2025-04-10 13:00:00,13,2025-04-10,""MBBM"",""FTIR.4"",552.917916666667,443.207916666667,470.77625,11.3825,2.17833333333333,4.45333333333333,1.04041666666667,0.1675,0.330833333333333,0.806666666666667,0.748333333333333,0.761666666666666,49.75,545.1818182,119.5510204,31.315,16.76166667"
"2025-04-10 14:00:00,14,2025-04-10,""MBBM"",""FTIR.4"",534.037708333333,440.604166666667,465.64375,9.88229166666667,2.13166666666667,4.17208333333333,0.909583333333333,0.21625,0.320416666666667,0.81625,0.7525,0.768333333333333,47,545.1818182,119.5510204,31.315,15.39166667"
"2025-04-10 15:00:00,15,2025-04-10,""MBBM"",""FTIR.4"",525.259166666667,440.335,458.101666666667,9.18208333333333,2.21833333333333,3.67958333333333,0.939583333333333,0.217083333333333,0.322083333333333,0.827291666666667,0.76875,0.789166666666667,49.5,545.1818182,119.5510204,31.315,16.50583333"
"2025-04-10 16:00:00,16,2025-04-10,""MBBM"",""FTIR.4"",531.624375,440.520416666667,455.155416666667,10.0379166666667,2.29958333333333,3.61625,1.0875,0.211666666666667,0.33875,0.8475,0.785,0.782083333333333,48.5,545.1818182,119.5510204,31.315,15.40583333"
"2025-04-10 17:00:00,17,2025-04-10,""MBBM"",""FTIR.4"",540.715625,439.655833333333,462.080416666667,10.6689583333333,2.22541666666667,4.14041666666667,1.44104166666667,0.239583333333333,0.3775,0.84375,0.76875,0.788333333333333,48.5,545.1818182,119.5510204,31.315,12.99083333"
"2025-04-10 18:00:00,18,2025-04-10,""MBBM"",""FTIR.4"",575.301041666667,442.71375,476.407083333333,14.5139583333333,2.34291666666667,5.30416666666667,1.374375,0.2125,0.375,0.836875,0.745,0.7775,50,545.1818182,119.5510204,31.315,10.65166667"
"2025-04-10 19:00:00,19,2025-04-10,""MBBM"",""FTIR.4"",551.307916666667,443.914166666667,478.624583333333,10.769375,2.20416666666667,4.95041666666667,0.956666666666667,0.20125,0.4325,0.809375,0.765,0.777916666666667,53,545.1818182,119.5510204,31.315,8.799166667"
"2025-04-10 20:00:00,20,2025-04-10,""MBBM"",""FTIR.4"",542.5475,446.739583333333,474.985416666667,9.78708333333333,2.17333333333333,4.39791666666667,0.864166666666667,0.210833333333333,0.431666666666667,0.808125,0.756666666666667,0.77375,50.25,545.1818182,119.5510204,31.315,7.319166667"
"2025-04-10 21:00:00,21,2025-04-10,""MBBM"",""FTIR.4"",516.222291666667,446.726666666667,469.55875,7.50145833333333,2.10291666666667,3.92708333333333,0.840416666666667,0.201666666666667,0.400833333333333,0.782916666666667,0.739166666666667,0.76,49.25,545.1818182,119.5510204,31.315,7.268333333"
"2025-04-10 22:00:00,22,2025-04-10,""MBBM"",""FTIR.4"",484.032291666667,445.2575,467.4125,4.94458333333333,2.02041666666667,3.66583333333333,0.710833333333333,0.16625,0.316666666666667,0.7575,0.734166666666667,0.744166666666667,50.25,545.1818182,119.5510204,31.315,7.165"
"2025-04-10 23:00:00,23,2025-04-10,""MBBM"",""FTIR.4"",480.38875,444.8275,464.6075,4.74708333333333,2.0825,3.52,0.730625,0.169166666666667,0.302916666666667,0.752291666666667,0.729166666666667,0.74125,49,545.1818182,119.5510204,31.315,7.190833333"
"2025-04-11 00:00:00,0,2025-04-11,""MBBM"",""FTIR.4"",494.945555555555,445.042083333333,469.13625,5.78305555555556,2.0575,3.80958333333333,0.698611111111111,0.157916666666667,0.328333333333333,0.753055555555556,0.731666666666667,0.738333333333333,49,545.1818182,119.5510204,31.21864407,6.895833333"
"2025-04-11 01:00:00,1,2025-04-11,""MBBM"",""FTIR.4"",507.059166666667,446.813333333333,475.529166666667,6.70479166666667,2.12916666666667,4.21,0.798333333333333,0.155416666666667,0.334166666666667,0.77375,0.752083333333333,0.759583333333333,47.4,545.1818182,119.5510204,31.21864407,6.143333333"
"2025-04-11 02:00:00,2,2025-04-11,""MBBM"",""FTIR.4"",508.741875,446.169166666667,468.865416666667,6.93125,2.25458333333333,3.86875,0.823333333333333,0.18,0.36625,0.787291666666667,0.754583333333333,0.772083333333333,48.75,545.1818182,119.5510204,31.21864407,5.969166667"
"2025-04-11 03:00:00,3,2025-04-11,""MBBM"",""FTIR.4"",512.753958333333,444.65875,464.5375,7.36375,2.14833333333333,3.74,0.82625,0.1975,0.314166666666667,0.7475,0.703333333333333,0.7175,50.75,545.1818182,119.5510204,31.21864407,6.251666667"
"2025-04-11 04:00:00,4,2025-04-11,""MBBM"",""FTIR.4"",526.629166666667,447.120416666667,466.430416666667,7.93833333333333,2.15083333333333,3.67583333333333,0.824375,0.17125,0.27875,0.741875,0.711666666666667,0.713333333333333,54,545.1818182,119.5510204,31.21864407,6.549166667"
"2025-04-11 05:00:00,5,2025-04-11,""MBBM"",""FTIR.4"",535.879583333333,446.727916666667,464.45375,8.81479166666667,2.16958333333333,3.42541666666667,0.819583333333333,0.176666666666667,0.310833333333333,0.754791666666667,0.718333333333333,0.72375,51,545.1818182,119.5510204,31.21864407,7.038333333"
"2025-04-11 06:00:00,6,2025-04-11,""MBBM"",""FTIR.4"",554.712083333333,447.194583333333,474.64875,10.9520833333333,2.23791666666667,4.41041666666667,0.832708333333333,0.192916666666667,0.288333333333333,0.769791666666667,0.7325,0.738333333333333,51.5,545.1818182,119.5510204,31.21864407,8.2375"
"2025-04-11 07:00:00,7,2025-04-11,""MBBM"",""FTIR.4"",551.584583333333,444.124166666667,467.44875,11.4922916666667,2.23333333333333,4.08125,0.883125,0.184583333333333,0.280416666666667,0.78125,0.75,0.7525,52.5,545.1818182,119.5510204,31.21864407,11.62166667"
"2025-04-11 08:00:00,8,2025-04-11,""MBBM"",""FTIR.4"",537.752291666667,443.139166666667,462.164583333333,10.1914583333333,2.22541666666667,3.82291666666667,0.852916666666667,0.195,0.305,0.800208333333333,0.764583333333333,0.767916666666667,53,545.1818182,119.5510204,31.21864407,14.85916667"
"2025-04-11 09:00:00,9,2025-04-11,""MBBM"",""FTIR.4"",522.635416666667,441.155416666667,457.3125,8.9525,2.20916666666667,3.52,0.883541666666667,0.187083333333333,0.27875,0.813333333333334,0.776666666666667,0.7775,48.5,545.1818182,119.5510204,31.21864407,15.85666667"
"2025-04-11 10:00:00,10,2025-04-11,""MBBM"",""FTIR.4"",526.265208333333,438.6125,457.796666666667,10.16125,2.11083333333333,3.7125,0.885,0.175,0.337083333333333,0.824791666666667,0.777083333333333,0.782083333333333,45.5,545.1818182,119.5510204,31.21864407,12.95166667"
"2025-04-11 11:00:00,11,2025-04-11,""MBBM"",""FTIR.4"",545.977291666667,438.08375,458.636666666667,11.6320833333333,2.1475,4.2625,0.957291666666667,0.194166666666667,0.314583333333333,0.83125,0.7675,0.782083333333333,46,545.1818182,119.5510204,31.21864407,12.64833333"
"2025-04-11 12:00:00,12,2025-04-11,""MBBM"",""FTIR.4"",554.340833333333,438.429583333333,458.69,12.305625,2.225,4.0075,1.025,0.195,0.312083333333333,0.8375,0.784166666666667,0.794166666666667,45.5,545.1818182,119.5510204,31.21864407,13.685"
"2025-04-11 13:00:00,13,2025-04-11,""MBBM"",""FTIR.4"",528.335625,437.426666666667,458.62,9.90125,2.19125,3.98166666666667,1.03416666666667,0.201666666666667,0.3,0.837916666666667,0.79,0.795416666666667,43.25,545.1818182,119.5510204,31.21864407,16.23666667"
"2025-04-11 14:00:00,14,2025-04-11,""MBBM"",""FTIR.4"",545.774166666667,437.34125,463.631666666667,11.0370833333333,2.19875,4.3375,1.07166666666667,0.205,0.340833333333333,0.860208333333333,0.8025,0.814166666666667,47,545.1818182,119.5510204,31.21864407,17.26"
"2025-04-11 15:00:00,15,2025-04-11,""MBBM"",""FTIR.4"",537.762083333333,437.784166666667,460.737916666667,10.5047916666667,2.20375,4.14916666666667,1.08395833333333,0.199166666666667,0.333333333333333,0.86375,0.799583333333333,0.811666666666667,45.25,545.1818182,119.5510204,31.21864407,16.01916667"
"2025-04-11 16:00:00,16,2025-04-11,""MBBM"",""FTIR.4"",547.449375,439.429583333333,446.14125,11.3758333333333,2.47666666666667,3.06416666666667,1.37395833333333,0.260416666666667,0.306666666666667,0.889791666666667,0.805,0.813333333333333,45.25,545.1818182,119.5510204,31.21864407,15.745"
"2025-04-11 17:00:00,17,2025-04-11,""MBBM"",""FTIR.4"",579.109583333333,440.899166666667,442.204583333333,14.0208333333333,2.59125,2.73791666666667,1.73479166666667,0.2425,0.286666666666667,0.904583333333333,0.803333333333333,0.816666666666667,46.75,545.1818182,119.5510204,31.21864407,14.79166667"
"2025-04-11 18:00:00,18,2025-04-11,""MBBM"",""FTIR.4"",670.357708333333,438.97875,467.501666666667,21.1875,2.33,5.24583333333333,2.60895833333333,0.282916666666667,0.423333333333333,0.951458333333333,0.827916666666667,0.837916666666667,47.5,545.1818182,119.5510204,31.21864407,13.53833333"
"2025-04-11 19:00:00,19,2025-04-11,""MBBM"",""FTIR.4"",684.014583333333,450.99,488.7275,22.3945833333333,2.78375,6.11,2.321875,0.29,0.56375,0.95625,0.837083333333333,0.857083333333333,47,545.1818182,119.5510204,31.21864407,13.01083333"
"2025-04-11 20:00:00,20,2025-04-11,""MBBM"",""FTIR.4"",635.291458333333,453.082916666667,502.428333333333,16.645625,2.69666666666667,6.51958333333333,1.77666666666667,0.27625,0.546666666666667,0.946875,0.857916666666666,0.875833333333333,45.5,545.1818182,119.5510204,31.21864407,12.75916667"
"2025-04-11 21:00:00,21,2025-04-11,""MBBM"",""FTIR.4"",654.540416666667,463.311666666667,509.360833333333,18.0252083333333,3.15541666666667,6.64791666666667,1.81270833333333,0.329166666666667,0.557916666666667,0.965,0.87875,0.89,47.75,545.1818182,119.5510204,31.21864407,12.80833333"
"2025-04-11 22:00:00,22,2025-04-11,""MBBM"",""FTIR.4"",601.754375,455.209583333333,525.75625,13.3564583333333,2.53958333333333,7.67708333333333,1.3925,0.2975,0.63375,0.961041666666667,0.9,0.918333333333333,48,545.1818182,119.5510204,31.21864407,11.15333333"
"2025-04-11 23:00:00,23,2025-04-11,""MBBM"",""FTIR.4"",582.110166666667,448.05375,486.849166666667,12.4865,2.33833333333333,5.65666666666667,1.45816666666667,0.235,0.390416666666667,0.9535,0.934166666666667,0.94,45.5,545.1818182,119.5510204,31.21864407,9.908333333"
"2025-04-12 00:00:00,0,2025-04-12,""MBBM"",""FTIR.4"",677.520833333333,453.147083333333,467.3125,19.7847222222222,2.7075,4.45916666666667,1.88972222222222,0.222083333333333,0.310833333333333,1.04944444444444,0.9575,0.961666666666667,44.75,545.1818182,119.5510204,31.28305085,8.869166667"
"2025-04-12 01:00:00,1,2025-04-12,""MBBM"",""FTIR.4"",658.837291666667,452.277083333333,470.007916666667,17.8475,2.55125,4.40125,2.12645833333333,0.24125,0.315416666666667,1.03354166666667,0.955416666666667,0.95875,48.2,545.1818182,119.5510204,31.28305085,7.8525"
"2025-04-12 02:00:00,2,2025-04-12,""MBBM"",""FTIR.4"",634.454375,458.56875,473.9825,15.65625,2.2925,4.57708333333333,1.85583333333333,0.232916666666667,0.326666666666667,1.00875,0.935,0.9575,50.5,545.1818182,119.5510204,31.28305085,8.175833333"
"2025-04-12 03:00:00,3,2025-04-12,""MBBM"",""FTIR.4"",603.269583333333,460.90125,491.093333333333,13.021875,2.48166666666667,5.02,1.61458333333333,0.244583333333333,0.43,0.983333333333333,0.922916666666667,0.937916666666667,45.75,545.1818182,119.5510204,31.28305085,8.700833333"
"2025-04-12 04:00:00,4,2025-04-12,""MBBM"",""FTIR.4"",620.94125,457.671666666667,470.329166666667,14.1714583333333,2.25291666666667,3.05541666666667,1.593125,0.239583333333333,0.335,0.999166666666667,0.950833333333333,0.944166666666666,52.25,545.1818182,119.5510204,31.28305085,8.885"
"2025-04-12 05:00:00,5,2025-04-12,""MBBM"",""FTIR.4"",615.671041666667,457.9025,460.504166666667,13.6604166666667,2.02291666666667,2.22916666666667,1.33708333333333,0.24875,0.24375,1.01020833333333,0.95875,0.96125,48.25,545.1818182,119.5510204,31.28305085,9.3125"
"2025-04-12 06:00:00,6,2025-04-12,""MBBM"",""FTIR.4"",636.565416666667,460.55375,474.57375,17.3202083333333,2.12708333333333,3.42833333333333,1.16604166666667,0.205416666666667,0.305,1.02208333333333,0.967916666666667,0.97625,47.75,545.1818182,119.5510204,31.28305085,9.8525"
"2025-04-12 07:00:00,7,2025-04-12,""MBBM"",""FTIR.4"",650.26,460.080416666667,496.658333333333,18.5120833333333,2.39541666666667,5.38708333333333,1.26395833333333,0.24125,0.368333333333333,1.031875,0.962916666666667,0.975833333333333,49.25,545.1818182,119.5510204,31.28305085,10.31833333"
"2025-04-12 08:00:00,8,2025-04-12,""MBBM"",""FTIR.4"",608.912916666667,451.169166666667,480.945833333333,14.8972916666667,2.35458333333333,4.74,1.27375,0.216666666666667,0.379166666666667,1.01833333333333,0.948333333333333,0.962083333333333,50.25,545.1818182,119.5510204,31.28305085,10.82833333"
"2025-04-12 09:00:00,9,2025-04-12,""MBBM"",""FTIR.4"",607.608125,448.72875,470.41625,15.5110416666667,2.32916666666667,4.4225,1.21229166666667,0.235,0.274583333333333,1.01416666666667,0.950416666666666,0.96,50.5,545.1818182,119.5510204,31.28305085,13.40166667"
"2025-04-12 10:00:00,10,2025-04-12,""MBBM"",""FTIR.4"",565.689583333333,445.532916666667,456.420833333333,12.2754166666667,2.07666666666667,2.96125,1.16604166666667,0.215833333333333,0.30125,1.00333333333333,0.95125,0.960833333333333,47.5,545.1818182,119.5510204,31.28305085,18.76916667"
"2025-04-12 11:00:00,11,2025-04-12,""MBBM"",""FTIR.4"",573.316833333333,444.171666666667,448.744583333333,13.0263333333333,2.06083333333333,2.45833333333333,1.0505,0.193333333333333,0.27625,0.99,0.915,0.94,47,545.1818182,119.5510204,31.28305085,19.75583333"
"2025-04-12 12:00:00,12,2025-04-12,""MBBM"",""FTIR.4"",580.988958333333,442.030416666667,443.205,13.2335416666667,2.06666666666667,2.1725,1.145,0.21375,0.249583333333333,0.993541666666667,0.912083333333333,0.927916666666667,46.25,545.1818182,119.5510204,31.28305085,21.28583333"
"2025-04-12 13:00:00,13,2025-04-12,""MBBM"",""FTIR.4"",554.644583333333,439.033333333333,442.29125,11.4847916666667,1.99125,2.25625,1.67791666666667,0.247916666666667,0.22375,0.96625,0.8675,0.905,46,545.1818182,119.5510204,31.28305085,21.39333333"
"2025-04-12 14:00:00,14,2025-04-12,""MBBM"",""FTIR.4"",570.545625,438.89125,449.816666666667,13.0177083333333,2.15583333333333,3.01541666666667,1.78958333333333,0.240416666666667,0.325,0.93625,0.814166666666667,0.851666666666667,46.5,545.1818182,119.5510204,31.28305085,18.80666667"
"2025-04-12 15:00:00,15,2025-04-12,""MBBM"",""FTIR.4"",566.0375,439.27125,446.772916666667,12.4325,2.1275,2.78875,1.31194444444444,0.218333333333333,0.234166666666667,0.909444444444444,0.792916666666667,0.808333333333333,44.5,545.1818182,119.5510204,31.28305085,21.35333333"
"2025-04-12 16:00:00,16,2025-04-12,""MBBM"",""FTIR.4"",564.54,442.602083333333,437.63625,12.4408333333333,2.38708333333333,2.06,1.23083333333333,0.210833333333333,0.185833333333333,0.905208333333333,0.774583333333333,0.782916666666667,44.75,545.1818182,119.5510204,31.28305085,19.65"
"2025-04-12 17:00:00,17,2025-04-12,""MBBM"",""FTIR.4"",602.935208333333,445.734166666667,438.959583333333,15.2504166666667,2.40458333333333,1.98958333333333,1.4025,0.2475,0.19125,0.820416666666667,0.686666666666667,0.725,46.75,545.1818182,119.5510204,31.28305085,15.295"
"2025-04-12 18:00:00,18,2025-04-12,""MBBM"",""FTIR.4"",654.993958333333,459.797083333333,441.222083333333,19.2410416666667,3.50666666666667,1.97041666666667,1.87083333333333,0.35625,0.203333333333333,0.89125,0.750833333333333,0.7175,46.75,545.1818182,119.5510204,31.28305085,12.14916667"
"2025-04-12 19:00:00,19,2025-04-12,""MBBM"",""FTIR.4"",708.259791666667,449.254166666667,441.391666666667,23.6902083333333,2.58,2.03791666666667,1.73895833333333,0.254166666666667,0.192916666666667,0.975625,0.850416666666667,0.85125,47.5,545.1818182,119.5510204,31.28305085,10.58333333"
"2025-04-12 20:00:00,20,2025-04-12,""MBBM"",""FTIR.4"",820.253333333333,470.39625,446.335,32.32625,3.80958333333333,1.99125,2.0925,0.28125,0.152083333333333,1.00791666666667,0.866666666666667,0.851666666666666,47.25,545.1818182,119.5510204,31.28305085,9.678333333"
"2025-04-12 21:00:00,21,2025-04-12,""MBBM"",""FTIR.4"",810.8925,454.608333333333,452.460833333333,30.6975,1.95791666666667,1.97125,2.04708333333333,0.25875,0.206666666666667,0.979583333333333,0.806666666666667,0.822083333333333,47.75,545.1818182,119.5510204,31.28305085,8.9425"
"2025-04-12 22:00:00,22,2025-04-12,""MBBM"",""FTIR.4"",780.224166666667,462.659166666667,454.928333333333,26.431875,2.57916666666667,1.95083333333333,2.48541666666667,0.282083333333333,0.192083333333333,0.913541666666667,0.764166666666667,0.757083333333333,46.5,545.1818182,119.5510204,31.28305085,8.393333333"
"2025-04-12 23:00:00,23,2025-04-12,""MBBM"",""FTIR.4"",729.727333333333,457.790833333333,453.587916666667,22.8903333333333,2.28458333333333,1.95958333333333,1.99966666666667,0.267916666666667,0.19625,0.927833333333333,0.807083333333333,0.79375,45.5,545.1818182,119.5510204,31.28305085,7.313333333"
"2025-04-13 00:00:00,0,2025-04-13,""MBBM"",""FTIR.4"",720.846944444444,464.52,456.462083333333,21.9211111111111,2.52708333333333,1.95833333333333,1.95611111111111,0.250416666666667,0.211666666666667,0.912222222222222,0.829166666666667,0.823333333333333,49,545.1818182,119.5510204,31.075,8.0475"
"2025-04-13 01:00:00,1,2025-04-13,""MBBM"",""FTIR.4"",718.295833333333,476.368333333333,473.630416666667,20.6389583333333,2.26583333333333,2.00666666666667,1.700625,0.25625,0.198333333333333,0.91,0.834166666666667,0.820833333333334,49,545.1818182,119.5510204,31.075,7.1225"
"2025-04-13 02:00:00,2,2025-04-13,""MBBM"",""FTIR.4"",663.818958333333,455.75375,458.875,17.0833333333333,1.9825,1.9925,1.51208333333333,0.196666666666667,0.174583333333333,0.926875,0.880416666666667,0.875,49.75,545.1818182,119.5510204,31.075,7.5725"
"2025-04-13 03:00:00,3,2025-04-13,""MBBM"",""FTIR.4"",635.37625,464.074166666667,462.181666666667,14.4308333333333,2.04375,1.97208333333333,1.02333333333333,0.187916666666667,0.18125,0.900208333333333,0.849166666666667,0.862083333333333,50.25,545.1818182,119.5510204,31.075,8.071666667"
"2025-04-13 04:00:00,4,2025-04-13,""MBBM"",""FTIR.4"",630.538125,538.405,464.789166666667,13.52125,2.1275,2.00583333333333,1.01229166666667,0.1975,0.187083333333333,0.889375,0.858333333333333,0.844166666666667,52.75,545.1818182,119.5510204,31.075,8.995"
"2025-04-13 05:00:00,5,2025-04-13,""MBBM"",""FTIR.4"",619.54,470.858333333333,464.219166666667,13.2310416666667,1.9975,2.02416666666667,1.079375,0.1375,0.162916666666667,0.8875,0.857916666666667,0.84,53,545.1818182,119.5510204,31.075,11.76333333"
"2025-04-13 06:00:00,6,2025-04-13,""MBBM"",""FTIR.4"",780.156458333333,467.805,455.162916666667,30.3360416666667,2.20416666666667,2.0525,1.11979166666667,0.175416666666667,0.189166666666667,0.941875,0.857083333333333,0.855833333333333,51,545.1818182,119.5510204,31.075,16.02"
"2025-04-13 07:00:00,7,2025-04-13,""MBBM"",""FTIR.4"",709.139166666667,456.119583333333,450.702916666667,25.5433333333333,2.02666666666667,2.02708333333333,1.08645833333333,0.19875,0.164583333333333,0.950625,0.867916666666667,0.87125,49.25,545.1818182,119.5510204,31.075,19.66416667"
"2025-04-13 08:00:00,8,2025-04-13,""MBBM"",""FTIR.4"",659.681458333333,447.790416666667,448.699583333333,20.6877083333333,2.03625,2.125,1.10958333333333,0.1975,0.174166666666667,0.969583333333333,0.89625,0.895,46.25,545.1818182,119.5510204,31.075,20.4425"
"2025-04-13 09:00:00,9,2025-04-13,""MBBM"",""FTIR.4"",633.830625,444.572916666667,443.854583333333,18.4772916666667,2.00333333333333,2.005,1.41479166666667,0.1975,0.194583333333333,1.01020833333333,0.910416666666667,0.91875,49.5,545.1818182,119.5510204,31.075,22.9175"
"2025-04-13 10:00:00,10,2025-04-13,""MBBM"",""FTIR.4"",630.1475,440.43875,442.899583333333,18.121875,2.00416666666667,2.1775,2.03625,0.200833333333333,0.237083333333333,1.05375,0.94125,0.944583333333333,46.25,545.1818182,119.5510204,31.075,22.21083333"
"2025-04-13 11:00:00,11,2025-04-13,""MBBM"",""FTIR.4"",586.79875,439.2875,444.680416666667,14.2758333333333,2.02166666666667,2.45958333333333,2.07083333333333,0.195416666666667,0.23,1.063125,0.94875,0.939166666666667,48.25,545.1818182,119.5510204,31.075,23.2575"
"2025-04-13 12:00:00,12,2025-04-13,""MBBM"",""FTIR.4"",585.004583333333,439.155,441.317916666667,14.108125,2.07708333333333,2.2975,2.18979166666667,0.239166666666667,0.259166666666667,1.09479166666667,0.972083333333333,0.981666666666667,46.75,545.1818182,119.5510204,31.075,23.03416667"
"2025-04-13 13:00:00,13,2025-04-13,""MBBM"",""FTIR.4"",522.835833333333,437.841666666667,439.9875,8.70604166666667,2.0425,2.23625,1.530625,0.230416666666667,0.199583333333333,1.08145833333333,0.992916666666667,1.00375,47.25,545.1818182,119.5510204,31.075,22.05166667"
"2025-04-13 14:00:00,14,2025-04-13,""MBBM"",""FTIR.4"",528.324583333333,439.667916666667,442.085416666667,9.1625,2.03458333333333,2.33083333333333,1.22979166666667,0.22875,0.20625,1.10791666666667,1.01958333333333,1.04166666666667,50.75,545.1818182,119.5510204,31.075,19.90166667"
"2025-04-13 15:00:00,15,2025-04-13,""MBBM"",""FTIR.4"",527.0425,442.5725,460.540833333333,8.769375,2.08208333333333,3.56583333333333,0.983541666666667,0.165,0.34625,1.1075,1.0425,1.05375,50.25,545.1818182,119.5510204,31.075,20.78416667"
"2025-04-13 16:00:00,16,2025-04-13,""MBBM"",""FTIR.4"",543.185,445.992083333333,473.201666666667,10.0477083333333,2.16833333333333,4.2525,1.02333333333333,0.17875,0.424583333333333,1.138125,1.10208333333333,1.11125,50,545.1818182,119.5510204,31.075,19.8125"
"2025-04-13 17:00:00,17,2025-04-13,""MBBM"",""FTIR.4"",560.119791666667,442.15125,472.550416666667,11.10875,2.12208333333333,4.3725,1.14791666666667,0.214166666666667,0.485416666666667,1.18583333333333,1.1,1.13708333333333,46.5,545.1818182,119.5510204,31.075,17.80416667"
"2025-04-13 18:00:00,18,2025-04-13,""MBBM"",""FTIR.4"",598.678333333333,445.79125,479.715416666667,14.1379166666667,2.25583333333333,4.90125,1.52666666666667,0.220833333333333,0.545833333333333,1.183125,1.09708333333333,1.09791666666667,47,545.1818182,119.5510204,31.075,16.905"
"2025-04-13 19:00:00,19,2025-04-13,""MBBM"",""FTIR.4"",692.7425,452.206666666667,505.220833333333,20.893125,2.26416666666667,6.49208333333333,2.67541666666667,0.261666666666667,0.660833333333333,1.259375,1.12916666666667,1.14958333333333,46.25,545.1818182,119.5510204,31.075,14.97583333"
"2025-04-13 20:00:00,20,2025-04-13,""MBBM"",""FTIR.4"",639.759166666667,454.592916666667,555.427083333333,16.284375,2.365,10.2308333333333,1.98708333333333,0.235833333333333,0.874583333333333,1.21645833333333,1.10458333333333,1.16625,49,545.1818182,119.5510204,31.075,13.31833333"
"2025-04-13 21:00:00,21,2025-04-13,""MBBM"",""FTIR.4"",585.871666666667,452.062916666667,475.924583333333,12.30875,2.3775,4.00541666666667,1.65895833333333,0.269166666666667,0.44375,1.29979166666667,1.33375,1.245,48.75,545.1818182,119.5510204,31.075,12.90333333"
"2025-04-13 22:00:00,22,2025-04-13,""MBBM"",""FTIR.4"",686.889375,458.701666666667,486.038333333333,18.934375,2.21833333333333,4.21166666666667,3.66020833333333,0.26625,0.395833333333333,1.42895833333333,1.3225,1.3325,47.75,545.1818182,119.5510204,31.075,12.69583333"
"2025-04-13 23:00:00,23,2025-04-13,""MBBM"",""FTIR.4"",702.241,461.128333333333,467.090416666667,19.7036666666667,2.07458333333333,2.65375,2.80733333333333,0.285,0.3275,1.31016666666667,1.31166666666667,1.315,48,545.1818182,119.5510204,31.075,11.44916667"
"2025-04-14 00:00:00,0,2025-04-14,""MBBM"",""FTIR.4"",657.78,458.756666666667,460.564166666667,16.1439583333333,2.12791666666667,2.19333333333333,2.084375,0.218333333333333,0.309583333333333,1.36354166666667,1.26291666666667,1.27833333333333,46.5,545.1818182,119.5510204,31.88,11.2"
"2025-04-14 01:00:00,1,2025-04-14,""MBBM"",""FTIR.4"",603.222083333333,460.267916666667,464.398333333333,11.8366666666667,2.16625,2.48708333333333,1.64083333333333,0.27,0.293333333333333,1.27854166666667,1.22625,1.2325,47.4,545.1818182,119.5510204,31.88,10.4"
"2025-04-14 02:00:00,2,2025-04-14,""MBBM"",""FTIR.4"",620.865208333333,464.498333333333,479.648333333333,12.8116666666667,2.17875,3.31625,2.02041666666667,0.257083333333333,0.33375,1.248125,1.18,1.1975,50.5,545.1818182,119.5510204,31.88,9.66"
"2025-04-14 03:00:00,3,2025-04-14,""MBBM"",""FTIR.4"",722.568958333333,463.001666666667,467.595833333333,19.2575,2.08875,2.43458333333333,2.23875,0.26625,0.289583333333333,1.22708333333333,1.15333333333333,1.16625,48.5,545.1818182,119.5510204,31.88,9.51"
"2025-04-14 04:00:00,4,2025-04-14,""MBBM"",""FTIR.4"",651.396666666667,476.553333333333,468.9775,14.3002083333333,2.5875,2.3475,2.029375,0.25875,0.2425,1.18104166666667,1.09375,1.13666666666667,51.5,545.1818182,119.5510204,31.88,9.55"
"2025-04-14 05:00:00,5,2025-04-14,""MBBM"",""FTIR.4"",788.13875,468.214583333333,479.32875,25.0102083333333,2.0275,2.79708333333333,2.29083333333333,0.225833333333333,0.255416666666667,1.17208333333333,1.115,1.11,53.25,545.1818182,119.5510204,31.88,12.76"
"2025-04-14 06:00:00,6,2025-04-14,""MBBM"",""FTIR.4"",716.626041666667,476.21,476.9225,21.0297916666667,2.1875,2.4125,1.7,0.255416666666667,0.2875,1.13958333333333,1.11208333333333,1.12291666666667,50,545.1818182,119.5510204,31.88,17.38"
"2025-04-14 07:00:00,7,2025-04-14,""MBBM"",""FTIR.4"",678.442916666667,468.894583333333,483.258333333333,18.9777083333333,2.17875,3.10791666666667,1.71229166666667,0.235833333333333,0.296666666666667,1.18354166666667,1.14208333333333,1.1175,48.75,545.1818182,119.5510204,31.88,19.85"
"2025-04-14 08:00:00,8,2025-04-14,""MBBM"",""FTIR.4"",566.644791666667,457.194166666667,467.808333333333,10.2910416666667,2.16458333333333,2.68208333333333,1.315625,0.20625,0.31125,1.220625,1.17583333333333,1.16625,50,545.1818182,119.5510204,31.88,21.23"
"2025-04-14 09:00:00,9,2025-04-14,""MBBM"",""FTIR.4"",554.148958333333,454.944583333333,475.431666666667,9.84395833333333,2.18541666666667,3.71333333333333,1.39895833333333,0.247083333333333,0.408333333333333,1.284375,1.215,1.22791666666667,50.25,545.1818182,119.5510204,31.88,23.6"
"2025-04-14 10:00:00,10,2025-04-14,""MBBM"",""FTIR.4"",544.47625,450.615833333333,476.39125,9.32041666666667,2.17791666666667,4.09666666666667,1.34333333333333,0.284583333333333,0.395,1.28041666666667,1.21333333333333,1.225,45.5,545.1818182,119.5510204,31.88,23.74"
"2025-04-14 11:00:00,11,2025-04-14,""MBBM"",""FTIR.4"",576.782291666667,445.161666666667,454.335833333333,13.4852083333333,2.19291666666667,2.97958333333333,1.70875,0.261666666666667,0.305,1.29895833333333,1.185,1.21291666666667,50.5,545.1818182,119.5510204,31.88,24.36"
"2025-04-14 12:00:00,12,2025-04-14,""MBBM"",""FTIR.4"",599.847291666667,442.6475,454.085,15.6079166666667,2.19375,3.1475,2.04458333333333,0.255416666666667,0.40625,1.21416666666667,1.05458333333333,1.10875,49,545.1818182,119.5510204,31.88,22.98"
"2025-04-14 13:00:00,13,2025-04-14,""MBBM"",""FTIR.4"",575.826666666667,439.610416666667,460.23375,13.2591666666667,2.23125,4.00083333333333,1.88125,0.235833333333333,0.372916666666667,1.035625,0.804166666666667,0.908333333333333,46.75,545.1818182,119.5510204,31.88,22.7"
"2025-04-14 14:00:00,14,2025-04-14,""MBBM"",""FTIR.4"",560.259791666667,437.0275,456.56125,12.5254166666667,2.2925,3.955,1.693125,0.272083333333333,0.452916666666667,0.899375,0.781666666666667,0.787916666666667,46.5,545.1818182,119.5510204,31.88,22.42"
"2025-04-14 15:00:00,15,2025-04-14,""MBBM"",""FTIR.4"",632.81875,446.8,459.27625,18.1316666666667,2.8875,4.03833333333333,2.92666666666667,0.281666666666667,0.447916666666667,0.957708333333333,0.77125,0.78625,48.75,545.1818182,119.5510204,31.88,23.67"
"2025-04-14 16:00:00,16,2025-04-14,""MBBM"",""FTIR.4"",613.471875,440.097916666667,469.814166666667,15.63375,2.12666666666667,4.53916666666667,2.70645833333333,0.284166666666667,0.48125,0.922708333333333,0.72875,0.760833333333333,48.5,545.1818182,119.5510204,31.88,22.06"
"2025-04-14 17:00:00,17,2025-04-14,""MBBM"",""FTIR.4"",614.61625,457.09125,472.057916666667,15.400625,3.26208333333333,4.5625,2.20479166666667,0.285,0.480416666666667,0.897916666666667,0.724166666666667,0.76125,49,545.1818182,119.5510204,31.88,17.88"
"2025-04-14 18:00:00,18,2025-04-14,""MBBM"",""FTIR.4"",643.687291666667,452.4475,442.350833333333,17.3758333333333,2.96125,2.01958333333333,2.653125,0.360833333333333,0.236666666666667,0.914583333333333,0.779583333333333,0.71625,51,545.1818182,119.5510204,31.88,15.07"
"2025-04-14 19:00:00,19,2025-04-14,""MBBM"",""FTIR.4"",693.79125,483.73625,443.50125,22.0741666666667,5.21333333333333,2.01208333333333,3.25145833333333,0.431666666666667,0.278333333333333,1.04270833333333,0.87625,0.858333333333333,50,545.1818182,119.5510204,31.88,13.48"
"2025-04-14 20:00:00,20,2025-04-14,""MBBM"",""FTIR.4"",833.510625,450.171666666667,450.517083333333,33.3377083333333,2.29833333333333,2.12708333333333,3.72333333333333,0.37375,0.2375,1.02645833333333,0.8,0.8075,48,545.1818182,119.5510204,31.88,12.01"
"2025-04-14 21:00:00,21,2025-04-14,""MBBM"",""FTIR.4"",856.899583333333,462.864583333333,447.929583333333,33.86875,2.9075,2.14958333333333,3.62291666666667,0.33875,0.231666666666667,1.01166666666667,0.805,0.79,47.5,545.1818182,119.5510204,31.88,11.59"
"2025-04-14 22:00:00,22,2025-04-14,""MBBM"",""FTIR.4"",760.051875,498.223333333333,471.860416666667,24.2625,4.35,2.13041666666667,2.190625,0.374583333333333,0.212916666666667,0.955,0.812083333333333,0.794583333333333,47.5,545.1818182,119.5510204,31.88,11.35"
"2025-04-14 23:00:00,23,2025-04-14,""MBBM"",""FTIR.4"",780.305208333333,474.54125,470.539166666667,25.4370833333333,2.30125,2.10458333333333,2.16625,0.328333333333333,0.2075,0.955208333333333,0.803333333333333,0.799583333333333,49,545.1818182,119.5510204,31.88,12.2"
"2025-04-15 00:00:00,0,2025-04-15,""MBBM"",""FTIR.4"",737.089722222222,509.32625,499.750833333333,19.75,2.75291666666667,2.11208333333333,2.25055555555556,0.324583333333333,0.214166666666667,0.970277777777778,0.864166666666667,0.84375,49,545.1818182,119.5510204,31.62166667,12.92"
"2025-04-15 01:00:00,1,2025-04-15,""MBBM"",""FTIR.4"",658.131041666667,493.115833333333,483.606666666667,14.145625,2.85791666666667,2.13208333333333,1.455,0.27125,0.197916666666667,1.009375,0.955833333333333,0.930416666666667,48,545.1818182,119.5510204,31.62166667,11.38"
"2025-04-15 02:00:00,2,2025-04-15,""MBBM"",""FTIR.4"",662.850833333333,483.525833333333,476.125416666667,15.469375,2.86375,2.06083333333333,1.4475,0.333333333333333,0.2125,1.07020833333333,0.984583333333333,0.967916666666667,50,545.1818182,119.5510204,31.62166667,11.81"
"2025-04-15 03:00:00,3,2025-04-15,""MBBM"",""FTIR.4"",591.549375,476.005416666667,469.83375,10.663125,2.40416666666667,2.09625,0.915416666666667,0.327083333333333,0.20375,1.06958333333333,1.02791666666667,1.01583333333333,50,545.1818182,119.5510204,31.62166667,12.43"
"2025-04-15 04:00:00,4,2025-04-15,""MBBM"",""FTIR.4"",688.805208333333,484.087916666667,467.534583333333,17.4835416666667,3.03916666666667,2.05166666666667,1.28291666666667,0.278333333333333,0.1925,1.15770833333333,1.08708333333333,1.07583333333333,50.5,545.1818182,119.5510204,31.62166667,12.06"
"2025-04-15 05:00:00,5,2025-04-15,""MBBM"",""FTIR.4"",688.690416666667,498.932916666667,460.97875,18.43875,3.40958333333333,2.01041666666667,1.55979166666667,0.30125,0.190833333333333,1.17916666666667,1.09916666666667,1.09208333333333,54.25,545.1818182,119.5510204,31.62166667,16.18"
"2025-04-15 06:00:00,6,2025-04-15,""MBBM"",""FTIR.4"",835.461458333333,494.58,462.295,34.619375,2.26541666666667,2.0125,2.154375,0.275,0.22125,1.209375,1.09333333333333,1.08875,51,545.1818182,119.5510204,31.62166667,19.98"
"2025-04-15 07:00:00,7,2025-04-15,""MBBM"",""FTIR.4"",805.251041666667,471.195,453.48875,32.2941666666667,2.22583333333333,2.02458333333333,2.29770833333333,0.240833333333333,0.237916666666667,1.24479166666667,1.13666666666667,1.13125,50.25,545.1818182,119.5510204,31.62166667,22.18"
"2025-04-15 08:00:00,8,2025-04-15,""MBBM"",""FTIR.4"",731.280416666667,649.6925,451.455,24.8204166666667,18.6975,2.02,2.38125,1.34833333333333,0.225833333333333,1.28416666666667,1.24916666666667,1.1575,49,545.1818182,119.5510204,31.62166667,24.37"
"2025-04-15 23:00:00,NA,2025-04-15,""MBBM"",""FTIR.4"",818.130833333333,NA,NA,26.6683333333333,NA,NA,2.24083333333333,NA,NA,0.971666666666667,NA,NA,NA,NA,NA,NA,NA"
"2025-04-08 12:00:00,12,2025-04-08,""ATB"",""FTIR.1"",494.8325,557.095,395.725,13.45,3.35,3.3,0.825,0.2,0.2,0.545,0.51,0.48,42.5,545.1818182,119.5510204,30.06491228,18.21"
"2025-04-08 13:00:00,13,2025-04-08,""ATB"",""FTIR.1"",515.4175,422.54,419.185,11.975,3.05,2.9,0.775,0.2,0.2,0.5325,0.45,0.465,43,545.1818182,119.5510204,30.06491228,18.67"
"2025-04-08 14:00:00,14,2025-04-08,""ATB"",""FTIR.1"",532.3975,421.7,426.265,14.4,3.65,3.7,0.875,0.2,0.2,0.5275,0.46,0.445,40.5,545.1818182,119.5510204,30.06491228,14.42333333"
"2025-04-08 15:00:00,15,2025-04-08,""ATB"",""FTIR.1"",483.13,408.025,405.335,10.325,3.35,3.05,0.85,0.2,0.2,0.5,0.46,0.445,43,545.1818182,119.5510204,30.06491228,14.64583333"
"2025-04-08 16:00:00,16,2025-04-08,""ATB"",""FTIR.1"",530.945,400.375,393.69,16.375,4,3.2,0.975,0.2,0.2,0.55,0.465,0.44,45,545.1818182,119.5510204,30.06491228,15.29916667"
"2025-04-08 17:00:00,17,2025-04-08,""ATB"",""FTIR.1"",546.64,393.64,399.55,18.425,3.65,4.2,1.025,0.25,0.2,0.5375,0.455,0.435,49.25,545.1818182,119.5510204,30.06491228,11.7575"
"2025-04-08 18:00:00,18,2025-04-08,""ATB"",""FTIR.1"",491.4775,393.54,386.595,13.025,3.65,3.15,1.025,0.25,0.2,0.52,0.46,0.43,42.5,545.1818182,119.5510204,30.06491228,8.716666667"
"2025-04-08 19:00:00,19,2025-04-08,""ATB"",""FTIR.1"",559.3475,406.06,396.02,18.95,3.65,3,0.925,0.2,0.2,0.58,0.485,0.48,44.75,545.1818182,119.5510204,30.06491228,8.058333333"
"2025-04-08 20:00:00,20,2025-04-08,""ATB"",""FTIR.1"",643.8725,439.405,441.505,25.1,4.75,5.8,1.55,0.25,0.25,0.6025,0.485,0.475,44.25,545.1818182,119.5510204,30.06491228,7.235"
"2025-04-08 21:00:00,21,2025-04-08,""ATB"",""FTIR.1"",563.635,430.595,423.98,15.15,3.4,3.3,1.25,0.2,0.25,0.5575,0.475,0.46,48.5,545.1818182,119.5510204,30.06491228,6.799166667"
"2025-04-08 22:00:00,22,2025-04-08,""ATB"",""FTIR.1"",615.0525,444.595,445.755,18.475,3.7,4.15,1.35,0.2,0.3,0.6,0.51,0.505,53.75,545.1818182,119.5510204,30.06491228,6.248333333"
"2025-04-08 23:00:00,23,2025-04-08,""ATB"",""FTIR.1"",674.0275,446.54,448.86,21.925,3.05,2.85,1.2,0.2,0.2,0.635,0.535,0.53,52.5,545.1818182,119.5510204,30.06491228,5.838333333"
"2025-04-09 00:00:00,0,2025-04-09,""ATB"",""FTIR.1"",652.8975,433.93,429,22.475,3.1,2.75,1.15,0.2,0.2,0.625,0.51,0.5,51.25,545.1818182,119.5510204,30.91034483,5.329166667"
"2025-04-09 01:00:00,1,2025-04-09,""ATB"",""FTIR.1"",669.2,437.13,427.65,23.875,3.35,2.95,1.3,0.25,0.2,0.5975,0.475,0.46,55,545.1818182,119.5510204,30.91034483,6.3125"
"2025-04-09 02:00:00,2,2025-04-09,""ATB"",""FTIR.1"",684.86,430.495,428.2,25.075,2.95,2.95,1.45,0.2,0.2,0.6025,0.47,0.46,56.25,545.1818182,119.5510204,30.91034483,5.664166667"
"2025-04-09 03:00:00,3,2025-04-09,""ATB"",""FTIR.1"",645.1775,430.995,433.305,21.6,3.2,3.65,1.4,0.2,0.25,0.56,0.44,0.43,56.75,545.1818182,119.5510204,30.91034483,4.918333333"
"2025-04-09 04:00:00,4,2025-04-09,""ATB"",""FTIR.1"",549.18,438.035,440.02,12.55,3.2,3.5,1.125,0.2,0.2,0.5275,0.465,0.445,55.5,545.1818182,119.5510204,30.91034483,5.118333333"
"2025-04-09 05:00:00,5,2025-04-09,""ATB"",""FTIR.1"",627.415,443.315,439.9,18.875,3.1,2.9,1.15,0.2,0.2,0.5825,0.485,0.485,50.25,545.1818182,119.5510204,30.91034483,5.488333333"
"2025-04-09 06:00:00,6,2025-04-09,""ATB"",""FTIR.1"",595.1575,437.94,445.045,17.4,3.25,3.45,1.025,0.2,0.2,0.5425,0.48,0.465,52.75,545.1818182,119.5510204,30.91034483,6.308333333"
"2025-04-09 07:00:00,7,2025-04-09,""ATB"",""FTIR.1"",579.025,441,442.135,16.05,3.35,3.55,1.025,0.2,0.2,0.56,0.51,0.485,49.5,545.1818182,119.5510204,30.91034483,10.42166667"
"2025-04-09 08:00:00,8,2025-04-09,""ATB"",""FTIR.1"",626.8375,444.945,449.24,20.075,3.2,3.65,1.15,0.2,0.2,0.625,0.565,0.56,46.5,545.1818182,119.5510204,30.91034483,17.73166667"
"2025-04-09 09:00:00,9,2025-04-09,""ATB"",""FTIR.1"",555.1075,434.96,443.475,15.025,3.15,3.75,1,0.2,0.2,0.6625,0.62,0.6,47,545.1818182,119.5510204,30.91034483,18.70583333"
"2025-04-09 10:00:00,10,2025-04-09,""ATB"",""FTIR.1"",529.4275,425.995,432.1,13.05,3.45,3.8,0.9,0.2,0.25,0.7225,0.635,0.665,44.5,545.1818182,119.5510204,30.91034483,18.5175"
"2025-04-09 11:00:00,11,2025-04-09,""ATB"",""FTIR.1"",505.59,420.535,424.56,11.7,3.4,3.9,0.875,0.2,0.2,0.615,0.535,0.54,47.25,545.1818182,119.5510204,30.91034483,17.63833333"
"2025-04-09 12:00:00,12,2025-04-09,""ATB"",""FTIR.1"",503.05,450.17,416.87,11.725,3.55,3.7,1.075,0.25,0.25,0.585,0.535,0.5,48.75,545.1818182,119.5510204,30.91034483,17.0975"
"2025-04-09 13:00:00,13,2025-04-09,""ATB"",""FTIR.1"",493.4675,449.33,414.905,11.35,3.85,4.2,1,0.3,0.25,0.6,0.54,0.53,46.75,545.1818182,119.5510204,30.91034483,15.97083333"
"2025-04-09 14:00:00,14,2025-04-09,""ATB"",""FTIR.1"",480.6175,434.425,401.31,11.2,3.9,3.5,1.125,0.25,0.25,0.595,0.55,0.52,42.25,545.1818182,119.5510204,30.91034483,15.15083333"
"2025-04-09 15:00:00,15,2025-04-09,""ATB"",""FTIR.1"",480.5825,394.015,408.08,12.025,3.95,5.05,1.075,0.2,0.3,0.6025,0.55,0.545,42.25,545.1818182,119.5510204,30.91034483,14.99666667"
"2025-04-09 16:00:00,16,2025-04-09,""ATB"",""FTIR.1"",479.2325,398.94,406.885,11.775,4.25,5.3,1.025,0.25,0.25,0.6325,0.59,0.575,43.5,545.1818182,119.5510204,30.91034483,13.51416667"
"2025-04-09 17:00:00,17,2025-04-09,""ATB"",""FTIR.1"",494.7875,397.38,400.425,13.45,4.15,4.6,1.025,0.2,0.3,0.6525,0.595,0.585,46.25,545.1818182,119.5510204,30.91034483,12.0975"
"2025-04-09 18:00:00,18,2025-04-09,""ATB"",""FTIR.1"",513.935,405.11,402.735,14.725,4.3,4.35,1.125,0.2,0.2,0.6675,0.6,0.595,46.75,545.1818182,119.5510204,30.91034483,10.41083333"
"2025-04-09 19:00:00,19,2025-04-09,""ATB"",""FTIR.1"",544.5025,412.655,414.35,16.75,4.2,4.8,1.3,0.2,0.25,0.68,0.605,0.6,45.75,545.1818182,119.5510204,30.91034483,8.985"
"2025-04-09 20:00:00,20,2025-04-09,""ATB"",""FTIR.1"",528.585,419.695,426.5,14.6,3.9,4.95,1.275,0.2,0.25,0.705,0.645,0.65,47.5,545.1818182,119.5510204,30.91034483,7.58"
"2025-04-09 21:00:00,21,2025-04-09,""ATB"",""FTIR.1"",526.3725,420.305,427.44,13.925,3.9,4.75,1.125,0.2,0.2,0.735,0.665,0.68,47.75,545.1818182,119.5510204,30.91034483,6.568333333"
"2025-04-09 22:00:00,22,2025-04-09,""ATB"",""FTIR.1"",526.58,424.5,433.47,13.225,4.1,5.25,1.05,0.25,0.25,0.7075,0.665,0.65,48.25,545.1818182,119.5510204,30.91034483,5.710833333"
"2025-04-09 23:00:00,23,2025-04-09,""ATB"",""FTIR.1"",515.99,429.925,445.185,12.1,4.3,6.3,1.075,0.2,0.3,0.69,0.635,0.645,49.5,545.1818182,119.5510204,30.91034483,5.425"
"2025-04-10 00:00:00,0,2025-04-10,""ATB"",""FTIR.1"",549.4075,432.495,455.705,14.525,4.25,6.5,1.025,0.25,0.3,0.6825,0.63,0.64,56.6,545.1818182,119.5510204,31.315,4.9"
"2025-04-10 01:00:00,1,2025-04-10,""ATB"",""FTIR.1"",525.93,433.205,446.9,12.25,4.3,5.75,1.025,0.25,0.3,0.6875,0.655,0.645,56.75,545.1818182,119.5510204,31.315,5.066666667"
"2025-04-10 02:00:00,2,2025-04-10,""ATB"",""FTIR.1"",514.685,432.855,456.35,11.175,4.2,6.35,0.9,0.2,0.3,0.685,0.64,0.655,56.75,545.1818182,119.5510204,31.315,5.486666667"
"2025-04-10 03:00:00,3,2025-04-10,""ATB"",""FTIR.1"",535.8125,432.62,446.95,13.075,3.95,5.7,0.975,0.2,0.3,0.7025,0.67,0.665,57.25,545.1818182,119.5510204,31.315,5.5825"
"2025-04-10 04:00:00,4,2025-04-10,""ATB"",""FTIR.1"",534.7575,427.82,443.47,13.325,3.9,5.65,0.975,0.25,0.3,0.7175,0.67,0.68,51.25,545.1818182,119.5510204,31.315,5.5675"
"2025-04-10 05:00:00,5,2025-04-10,""ATB"",""FTIR.1"",557.605,426.63,431.935,15.85,3.85,4.95,1.125,0.25,0.25,0.735,0.69,0.68,52.25,545.1818182,119.5510204,31.315,6.015833333"
"2025-04-10 06:00:00,6,2025-04-10,""ATB"",""FTIR.1"",580.4425,429.285,444.81,18.65,4.1,5.95,1.025,0.25,0.2,0.735,0.675,0.685,52.25,545.1818182,119.5510204,31.315,6.741666667"
"2025-04-10 07:00:00,7,2025-04-10,""ATB"",""FTIR.1"",568.47,426.175,438.995,17.075,3.9,5.15,1.075,0.25,0.2,0.7275,0.66,0.675,51.75,545.1818182,119.5510204,31.315,7.99"
"2025-04-10 08:00:00,8,2025-04-10,""ATB"",""FTIR.1"",536.8525,425.345,440.885,14.65,3.75,5.55,1.05,0.2,0.2,0.6975,0.655,0.65,52.75,545.1818182,119.5510204,31.315,8.808333333"
"2025-04-10 09:00:00,9,2025-04-10,""ATB"",""FTIR.1"",540.69,421.485,423.14,14.8,3.5,3.8,1.075,0.2,0.2,0.705,0.655,0.635,46.5,545.1818182,119.5510204,31.315,10.09666667"
"2025-04-10 10:00:00,10,2025-04-10,""ATB"",""FTIR.1"",514.0225,421.61,425.675,12.3,3.55,4.1,1.05,0.2,0.2,0.7,0.665,0.65,46,545.1818182,119.5510204,31.315,13.65166667"
"2025-04-10 11:00:00,11,2025-04-10,""ATB"",""FTIR.1"",518.11,424.83,436.005,12.7,3.95,5.4,1,0.2,0.2,0.72,0.695,0.68,47.25,545.1818182,119.5510204,31.315,14.71083333"
"2025-04-10 12:00:00,12,2025-04-10,""ATB"",""FTIR.1"",490.095,430.105,432.175,10.3,3.5,4.6,0.95,0.2,0.3,0.7225,0.67,0.67,45.25,545.1818182,119.5510204,31.315,16.03083333"
"2025-04-10 13:00:00,13,2025-04-10,""ATB"",""FTIR.1"",510.95,445.865,437.49,12.4,3.55,5.55,1,0.2,0.3,0.745,0.68,0.695,49.75,545.1818182,119.5510204,31.315,16.76166667"
"2025-04-10 14:00:00,14,2025-04-10,""ATB"",""FTIR.1"",492.5575,413.17,431.125,11.025,3.65,5.2,0.9,0.2,0.3,0.7525,0.705,0.705,47,545.1818182,119.5510204,31.315,15.39166667"
"2025-04-10 15:00:00,15,2025-04-10,""ATB"",""FTIR.1"",478.6475,403.57,416.515,10.45,3.75,4.6,0.925,0.2,0.3,0.7625,0.735,0.72,49.5,545.1818182,119.5510204,31.315,16.50583333"
"2025-04-10 16:00:00,16,2025-04-10,""ATB"",""FTIR.1"",469.035,394.32,401.455,11.15,4.05,4.6,1.1,0.25,0.3,0.78,0.75,0.72,48.5,545.1818182,119.5510204,31.315,15.40583333"
"2025-04-10 17:00:00,17,2025-04-10,""ATB"",""FTIR.1"",469.415,388.8,401,11.825,4.2,5.3,1.4,0.3,0.3,0.7725,0.735,0.725,48.5,545.1818182,119.5510204,31.315,12.99083333"
"2025-04-10 18:00:00,18,2025-04-10,""ATB"",""FTIR.1"",497.5825,391.38,410.915,15.775,4.6,6.5,1.35,0.3,0.35,0.77,0.7,0.715,50,545.1818182,119.5510204,31.315,10.65166667"
"2025-04-10 19:00:00,19,2025-04-10,""ATB"",""FTIR.1"",479.885,395.125,415.15,12.1,3.9,6.1,1,0.25,0.4,0.7425,0.71,0.71,53,545.1818182,119.5510204,31.315,8.799166667"
"2025-04-10 20:00:00,20,2025-04-10,""ATB"",""FTIR.1"",485.1725,410.02,422.225,11.075,3.75,5.35,0.9,0.2,0.3,0.74,0.695,0.705,50.25,545.1818182,119.5510204,31.315,7.319166667"
"2025-04-10 21:00:00,21,2025-04-10,""ATB"",""FTIR.1"",471.84,414.925,430,8.775,3.35,4.8,0.8,0.2,0.3,0.7125,0.665,0.69,49.25,545.1818182,119.5510204,31.315,7.268333333"
"2025-04-10 22:00:00,22,2025-04-10,""ATB"",""FTIR.1"",448.4775,418.025,433.555,5.925,3.1,4.55,0.575,0.2,0.25,0.685,0.65,0.68,50.25,545.1818182,119.5510204,31.315,7.165"
"2025-04-10 23:00:00,23,2025-04-10,""ATB"",""FTIR.1"",446.2675,417.9,431.645,5.675,3.1,4.4,0.525,0.2,0.3,0.68,0.685,0.67,49,545.1818182,119.5510204,31.315,7.190833333"
"2025-04-11 00:00:00,0,2025-04-11,""ATB"",""FTIR.1"",455.9625,419.695,437.235,6.425,3.2,4.65,0.525,0.15,0.25,0.6825,0.66,0.67,49,545.1818182,119.5510204,31.21864407,6.895833333"
"2025-04-11 01:00:00,1,2025-04-11,""ATB"",""FTIR.1"",471.89,423.56,439.025,7.775,3.5,4.95,0.6,0.2,0.25,0.705,0.705,0.69,47.4,545.1818182,119.5510204,31.21864407,6.143333333"
"2025-04-11 02:00:00,2,2025-04-11,""ATB"",""FTIR.1"",474.32,424.525,437.155,8.05,3.8,4.85,0.7,0.2,0.3,0.72,0.675,0.7,48.75,545.1818182,119.5510204,31.21864407,5.969166667"
"2025-04-11 03:00:00,3,2025-04-11,""ATB"",""FTIR.1"",476.755,421.885,431.46,8.525,3.6,4.7,0.7,0.2,0.3,0.68,0.665,0.65,50.75,545.1818182,119.5510204,31.21864407,6.251666667"
"2025-04-11 04:00:00,4,2025-04-11,""ATB"",""FTIR.1"",487.6375,422.645,432.475,9.05,3.75,4.65,0.775,0.2,0.25,0.67,0.635,0.645,54,545.1818182,119.5510204,31.21864407,6.549166667"
"2025-04-11 05:00:00,5,2025-04-11,""ATB"",""FTIR.1"",498.72,422.66,429.385,10,3.8,4.45,0.725,0.15,0.25,0.6875,0.64,0.655,51,545.1818182,119.5510204,31.21864407,7.038333333"
"2025-04-11 06:00:00,6,2025-04-11,""ATB"",""FTIR.1"",512.98,423.82,440,12.175,3.8,5.5,0.8,0.2,0.25,0.7025,0.67,0.67,51.5,545.1818182,119.5510204,31.21864407,8.2375"
"2025-04-11 07:00:00,7,2025-04-11,""ATB"",""FTIR.1"",510.705,423.46,435.415,12.875,3.95,5.2,0.825,0.2,0.25,0.715,0.725,0.685,52.5,545.1818182,119.5510204,31.21864407,11.62166667"
"2025-04-11 08:00:00,8,2025-04-11,""ATB"",""FTIR.1"",497.3875,421.275,431.615,11.45,3.9,4.95,0.875,0.2,0.3,0.7325,0.71,0.7,53,545.1818182,119.5510204,31.21864407,14.85916667"
"2025-04-11 09:00:00,9,2025-04-11,""ATB"",""FTIR.1"",488.405,419.325,427.305,10.35,3.8,4.55,0.875,0.2,0.3,0.7475,0.69,0.71,48.5,545.1818182,119.5510204,31.21864407,15.85666667"
"2025-04-11 10:00:00,10,2025-04-11,""ATB"",""FTIR.1"",491.2975,418.795,428.475,11.625,3.85,4.85,0.925,0.2,0.25,0.755,0.69,0.715,45.5,545.1818182,119.5510204,31.21864407,12.95166667"
"2025-04-11 11:00:00,11,2025-04-11,""ATB"",""FTIR.1"",507.095,415.705,427.725,13.05,3.95,5.3,0.975,0.2,0.3,0.765,0.695,0.715,46,545.1818182,119.5510204,31.21864407,12.64833333"
"2025-04-11 12:00:00,12,2025-04-11,""ATB"",""FTIR.1"",511.63,414.345,424.21,13.7,4.05,5.1,1,0.2,0.3,0.7675,0.7,0.725,45.5,545.1818182,119.5510204,31.21864407,13.685"
"2025-04-11 13:00:00,13,2025-04-11,""ATB"",""FTIR.1"",486.97,412.81,424.245,11.2,3.9,5,1.05,0.2,0.3,0.765,0.705,0.725,43.25,545.1818182,119.5510204,31.21864407,16.23666667"
"2025-04-11 14:00:00,14,2025-04-11,""ATB"",""FTIR.1"",503.08,412.385,427.39,12.375,3.95,5.45,1.075,0.2,0.3,0.785,0.725,0.745,47,545.1818182,119.5510204,31.21864407,17.26"
"2025-04-11 15:00:00,15,2025-04-11,""ATB"",""FTIR.1"",492.3375,434.95,423.52,11.6,3.9,5.15,1.125,0.2,0.3,0.79,0.74,0.745,45.25,545.1818182,119.5510204,31.21864407,16.01916667"
"2025-04-11 16:00:00,16,2025-04-11,""ATB"",""FTIR.1"",490.95,401.875,405.61,12.25,4.25,4.15,1.3,0.25,0.3,0.815,0.765,0.745,45.25,545.1818182,119.5510204,31.21864407,15.745"
"2025-04-11 17:00:00,17,2025-04-11,""ATB"",""FTIR.1"",509.2425,391.25,389.845,15.4,4.3,3.9,1.525,0.3,0.3,0.83,0.765,0.745,46.75,545.1818182,119.5510204,31.21864407,14.79166667"
"2025-04-11 18:00:00,18,2025-04-11,""ATB"",""FTIR.1"",591.6275,394.16,409.675,23.175,4.35,6.6,2.175,0.35,0.4,0.87,0.78,0.765,47.5,545.1818182,119.5510204,31.21864407,13.53833333"
"2025-04-11 19:00:00,19,2025-04-11,""ATB"",""FTIR.1"",606.275,414.29,430.65,24.225,5.4,7.45,2.075,0.35,0.5,0.8725,0.785,0.785,47,545.1818182,119.5510204,31.21864407,13.01083333"
"2025-04-11 20:00:00,20,2025-04-11,""ATB"",""FTIR.1"",569.21,413.55,444.735,18.5,4.3,7.6,1.675,0.3,0.45,0.8675,0.79,0.8,45.5,545.1818182,119.5510204,31.21864407,12.75916667"
"2025-04-11 21:00:00,21,2025-04-11,""ATB"",""FTIR.1"",595.725,429.98,456.785,20.05,4.75,7.45,1.7,0.3,0.4,0.875,0.805,0.815,47.75,545.1818182,119.5510204,31.21864407,12.80833333"
"2025-04-11 22:00:00,22,2025-04-11,""ATB"",""FTIR.1"",555.0325,430.85,478.79,15,4.55,8.7,1.35,0.3,0.5,0.8725,0.81,0.84,48,545.1818182,119.5510204,31.21864407,11.15333333"
"2025-04-11 23:00:00,23,2025-04-11,""ATB"",""FTIR.1"",557.3625,423.39,445.995,15.975,4.5,6.9,1.55,0.3,0.4,0.915,0.835,0.865,45.5,545.1818182,119.5510204,31.21864407,9.908333333"
"2025-04-12 00:00:00,0,2025-04-12,""ATB"",""FTIR.1"",615.13,421.345,432.08,21,4.25,5.45,1.725,0.25,0.3,0.9525,0.835,0.865,44.75,545.1818182,119.5510204,31.28305085,8.869166667"
"2025-04-12 01:00:00,1,2025-04-12,""ATB"",""FTIR.1"",613.125,428.255,440.015,19.9,4.25,5.55,1.925,0.25,0.3,0.9425,0.82,0.86,48.2,545.1818182,119.5510204,31.28305085,7.8525"
"2025-04-12 02:00:00,2,2025-04-12,""ATB"",""FTIR.1"",592.4675,436.86,444.19,17.55,3.95,5.75,1.65,0.25,0.3,0.9175,0.8,0.86,50.5,545.1818182,119.5510204,31.28305085,8.175833333"
"2025-04-12 03:00:00,3,2025-04-12,""ATB"",""FTIR.1"",564.985,436.355,457.205,14.9,3.9,6,1.525,0.25,0.35,0.8925,0.865,0.85,45.75,545.1818182,119.5510204,31.28305085,8.700833333"
"2025-04-12 04:00:00,4,2025-04-12,""ATB"",""FTIR.1"",577.9225,432.495,439.59,15.95,3.45,4.1,1.5,0.2,0.35,0.9125,0.84,0.86,52.25,545.1818182,119.5510204,31.28305085,8.885"
"2025-04-12 05:00:00,5,2025-04-12,""ATB"",""FTIR.1"",572.4475,429.69,430.035,15.425,3.2,3.3,1.3,0.2,0.3,0.915,0.87,0.87,48.25,545.1818182,119.5510204,31.28305085,9.3125"
"2025-04-12 06:00:00,6,2025-04-12,""ATB"",""FTIR.1"",592.315,434.115,443.885,19.125,3.35,4.55,1.175,0.2,0.3,0.9275,0.88,0.875,47.75,545.1818182,119.5510204,31.28305085,9.8525"
"2025-04-12 07:00:00,7,2025-04-12,""ATB"",""FTIR.1"",604.215,437.06,465.63,20.6,4.05,6.7,1.275,0.2,0.3,0.94,0.825,0.88,49.25,545.1818182,119.5510204,31.28305085,10.31833333"
"2025-04-12 08:00:00,8,2025-04-12,""ATB"",""FTIR.1"",568.8725,430.225,449.34,16.85,4.2,6,1.325,0.2,0.35,0.925,0.82,0.87,50.25,545.1818182,119.5510204,31.28305085,10.82833333"
"2025-04-12 09:00:00,9,2025-04-12,""ATB"",""FTIR.1"",565.825,426.455,440.2,17.425,3.95,5.75,1.25,0.2,0.3,0.92,0.815,0.87,50.5,545.1818182,119.5510204,31.28305085,13.40166667"
"2025-04-12 10:00:00,10,2025-04-12,""ATB"",""FTIR.1"",530.135,420.945,426.85,14.25,3.35,4,1.175,0.2,0.3,0.9125,0.82,0.865,47.5,545.1818182,119.5510204,31.28305085,18.76916667"
"2025-04-12 11:00:00,11,2025-04-12,""ATB"",""FTIR.1"",545.0925,419.325,417.82,15.725,3.45,3.35,1,0.2,0.3,0.9075,0.805,0.855,47,545.1818182,119.5510204,31.28305085,19.75583333"
"2025-04-12 12:00:00,12,2025-04-12,""ATB"",""FTIR.1"",531.4025,414.715,414.625,13.9,3.05,3.25,1.125,0.2,0.25,0.9,0.81,0.855,46.25,545.1818182,119.5510204,31.28305085,21.28583333"
"2025-04-12 13:00:00,13,2025-04-12,""ATB"",""FTIR.1"",530.255,408.835,412.445,14.25,3.2,3.35,1.425,0.25,0.25,0.89,0.805,0.83,46,545.1818182,119.5510204,31.28305085,21.39333333"
"2025-04-12 14:00:00,14,2025-04-12,""ATB"",""FTIR.1"",504.77,400.265,410.495,12.95,3.4,3.95,1.525,0.2,0.25,0.855,0.785,0.77,46.5,545.1818182,119.5510204,31.28305085,18.80666667"
"2025-04-12 15:00:00,15,2025-04-12,""ATB"",""FTIR.1"",504.435,385.095,392.41,14.3,3.5,3.85,1.325,0.25,0.3,0.8375,0.78,0.74,44.5,545.1818182,119.5510204,31.28305085,21.35333333"
"2025-04-12 16:00:00,16,2025-04-12,""ATB"",""FTIR.1"",480.6925,372.245,371.59,13.675,3.6,3.15,1.175,0.25,0.2,0.8275,0.76,0.72,44.75,545.1818182,119.5510204,31.28305085,19.65"
"2025-04-12 17:00:00,17,2025-04-12,""ATB"",""FTIR.1"",507.8225,369.03,365.255,17,3.5,3.15,1.325,0.3,0.2,0.74,0.67,0.65,46.75,545.1818182,119.5510204,31.28305085,15.295"
"2025-04-12 18:00:00,18,2025-04-12,""ATB"",""FTIR.1"",551.5425,378.39,369.82,20.9,4.25,3.2,1.675,0.35,0.25,0.8075,0.71,0.65,46.75,545.1818182,119.5510204,31.28305085,12.14916667"
"2025-04-12 19:00:00,19,2025-04-12,""ATB"",""FTIR.1"",598.7275,374.1,367.75,25.575,3.8,3.4,1.625,0.25,0.25,0.88,0.79,0.77,47.5,545.1818182,119.5510204,31.28305085,10.58333333"
"2025-04-12 20:00:00,20,2025-04-12,""ATB"",""FTIR.1"",699.505,391.985,373.84,33.925,4.45,3.4,1.85,0.25,0.2,0.92,0.785,0.77,47.25,545.1818182,119.5510204,31.28305085,9.678333333"
"2025-04-12 21:00:00,21,2025-04-12,""ATB"",""FTIR.1"",709.2125,405.91,394.09,32.475,3.4,3.3,1.925,0.2,0.2,0.8875,0.74,0.745,47.75,545.1818182,119.5510204,31.28305085,8.9425"
"2025-04-12 22:00:00,22,2025-04-12,""ATB"",""FTIR.1"",702.1625,424.94,413.635,28.175,3.65,3.2,2.1,0.25,0.3,0.8325,0.68,0.685,46.5,545.1818182,119.5510204,31.28305085,8.393333333"
"2025-04-12 23:00:00,23,2025-04-12,""ATB"",""FTIR.1"",686.1025,431.76,422.29,25.85,3.5,3.2,1.725,0.2,0.2,0.825,0.7,0.715,45.5,545.1818182,119.5510204,31.28305085,7.313333333"
"2025-04-13 00:00:00,0,2025-04-13,""ATB"",""FTIR.1"",655.045,435.225,426.045,23.15,3.65,3.2,1.625,0.25,0.25,0.83,0.765,0.745,49,545.1818182,119.5510204,31.075,8.0475"
"2025-04-13 01:00:00,1,2025-04-13,""ATB"",""FTIR.1"",659.3225,447.875,440.755,22.325,3.5,3.15,1.55,0.2,0.2,0.83,0.79,0.74,49,545.1818182,119.5510204,31.075,7.1225"
"2025-04-13 02:00:00,2,2025-04-13,""ATB"",""FTIR.1"",610.67,431.86,429.425,18.625,3.25,3.25,1.35,0.25,0.25,0.845,0.815,0.795,49.75,545.1818182,119.5510204,31.075,7.5725"
"2025-04-13 03:00:00,3,2025-04-13,""ATB"",""FTIR.1"",586.5475,439.19,431.655,15.975,3.2,3.2,0.95,0.2,0.2,0.8225,0.79,0.78,50.25,545.1818182,119.5510204,31.075,8.071666667"
"2025-04-13 04:00:00,4,2025-04-13,""ATB"",""FTIR.1"",579.5075,488.425,436.455,14.875,3.35,3.2,1,0.15,0.2,0.81,0.78,0.765,52.75,545.1818182,119.5510204,31.075,8.995"
"2025-04-13 05:00:00,5,2025-04-13,""ATB"",""FTIR.1"",573.92,443.635,433.35,14.8,3.3,3.3,1.025,0.2,0.2,0.8075,0.79,0.765,53,545.1818182,119.5510204,31.075,11.76333333"
"2025-04-13 06:00:00,6,2025-04-13,""ATB"",""FTIR.1"",715.6925,436.67,426.39,31.525,3.6,3.25,1.15,0.2,0.2,0.8625,0.77,0.78,51,545.1818182,119.5510204,31.075,16.02"
"2025-04-13 07:00:00,7,2025-04-13,""ATB"",""FTIR.1"",642.825,431.19,421.825,25.675,3.4,3.25,1.05,0.2,0.2,0.8675,0.83,0.79,49.25,545.1818182,119.5510204,31.075,19.66416667"
"2025-04-13 08:00:00,8,2025-04-13,""ATB"",""FTIR.1"",605.0075,419.51,420.295,22.025,3.35,3.3,1.1,0.2,0.2,0.88,0.785,0.82,46.25,545.1818182,119.5510204,31.075,20.4425"
"2025-04-13 09:00:00,9,2025-04-13,""ATB"",""FTIR.1"",584.775,418.065,415.48,20.125,3.4,3.2,1.225,0.2,0.2,0.9125,0.805,0.835,49.5,545.1818182,119.5510204,31.075,22.9175"
"2025-04-13 10:00:00,10,2025-04-13,""ATB"",""FTIR.1"",572.0825,406.365,410.67,19.275,3.45,3.45,1.8,0.2,0.2,0.95,0.86,0.865,46.25,545.1818182,119.5510204,31.075,22.21083333"
"2025-04-13 11:00:00,11,2025-04-13,""ATB"",""FTIR.1"",525.845,389.18,398.96,16.025,3.65,3.85,1.75,0.2,0.2,0.965,0.88,0.86,48.25,545.1818182,119.5510204,31.075,23.2575"
"2025-04-13 12:00:00,12,2025-04-13,""ATB"",""FTIR.1"",504.615,380.09,381.84,15.825,3.8,3.85,1.825,0.3,0.2,0.9825,0.905,0.885,46.75,545.1818182,119.5510204,31.075,23.03416667"
"2025-04-13 13:00:00,13,2025-04-13,""ATB"",""FTIR.1"",447.7075,371.46,374.08,10.675,3.8,3.8,1.475,0.2,0.3,0.9725,0.93,0.905,47.25,545.1818182,119.5510204,31.075,22.05166667"
"2025-04-13 14:00:00,14,2025-04-13,""ATB"",""FTIR.1"",446.0675,369.28,369.49,11.075,3.7,4,1.25,0.25,0.3,0.99,0.955,0.93,50.75,545.1818182,119.5510204,31.075,19.90166667"
"2025-04-13 15:00:00,15,2025-04-13,""ATB"",""FTIR.1"",447.2925,376.32,385.15,10.9,3.95,5.15,1.05,0.25,0.3,0.995,0.96,0.94,50.25,545.1818182,119.5510204,31.075,20.78416667"
"2025-04-13 16:00:00,16,2025-04-13,""ATB"",""FTIR.1"",456.8725,382.465,398.275,11.6,4.35,5.8,1.05,0.3,0.35,1.02,1.01,0.99,50,545.1818182,119.5510204,31.075,19.8125"
"2025-04-13 17:00:00,17,2025-04-13,""ATB"",""FTIR.1"",473.8125,379.96,396.795,12.925,4.35,6,1.2,0.3,0.4,1.0625,1.015,1.015,46.5,545.1818182,119.5510204,31.075,17.80416667"
"2025-04-13 18:00:00,18,2025-04-13,""ATB"",""FTIR.1"",506.525,383.645,406.075,15.9,4.5,6.55,1.475,0.3,0.5,1.0625,1,0.98,47,545.1818182,119.5510204,31.075,16.905"
"2025-04-13 19:00:00,19,2025-04-13,""ATB"",""FTIR.1"",593.7625,394.875,432.51,23.725,5,8.8,2.175,0.35,0.7,1.1375,1.025,1.035,46.25,545.1818182,119.5510204,31.075,14.97583333"
"2025-04-13 20:00:00,20,2025-04-13,""ATB"",""FTIR.1"",543.7,394.46,469.355,18.675,5,11.95,1.95,0.3,0.9,1.1,1,1.045,49,545.1818182,119.5510204,31.075,13.31833333"
"2025-04-13 21:00:00,21,2025-04-13,""ATB"",""FTIR.1"",500.4025,386.075,398.88,14.8,4.65,5.65,1.55,0.3,0.5,1.18,1.165,1.135,48.75,545.1818182,119.5510204,31.075,12.90333333"
"2025-04-13 22:00:00,22,2025-04-13,""ATB"",""FTIR.1"",595.2975,396.995,410.505,22.15,4.3,5.95,2.65,0.3,0.5,1.3075,1.145,1.21,47.75,545.1818182,119.5510204,31.075,12.69583333"
"2025-04-13 23:00:00,23,2025-04-13,""ATB"",""FTIR.1"",611.1775,399.605,397.18,22.475,3.8,4.35,2.5,0.3,0.4,1.2925,1.12,1.2,48,545.1818182,119.5510204,31.075,11.44916667"
"2025-04-14 00:00:00,0,2025-04-14,""ATB"",""FTIR.1"",575.38,405.13,398.57,18.375,4,3.75,2,0.3,0.3,1.2475,1.085,1.155,46.5,545.1818182,119.5510204,31.88,11.2"
"2025-04-14 01:00:00,1,2025-04-14,""ATB"",""FTIR.1"",536.8625,418.09,411.95,14.025,3.95,4.1,1.55,0.2,0.25,1.1675,1.04,1.12,47.4,545.1818182,119.5510204,31.88,10.4"
"2025-04-14 02:00:00,2,2025-04-14,""ATB"",""FTIR.1"",560.0825,429.08,430.195,15,3.8,4.55,1.75,0.25,0.3,1.135,1,1.085,50.5,545.1818182,119.5510204,31.88,9.66"
"2025-04-14 03:00:00,3,2025-04-14,""ATB"",""FTIR.1"",659.1775,437.83,429.36,21.6,3.7,3.95,2.175,0.2,0.3,1.12,0.965,1.045,48.5,545.1818182,119.5510204,31.88,9.51"
"2025-04-14 04:00:00,4,2025-04-14,""ATB"",""FTIR.1"",601.545,450.09,434.415,16.425,3.95,3.75,1.75,0.2,0.25,1.0675,0.905,1.02,51.5,545.1818182,119.5510204,31.88,9.55"
"2025-04-14 05:00:00,5,2025-04-14,""ATB"",""FTIR.1"",733.5025,447.485,449.2,27.1,3.6,4,2.025,0.25,0.3,1.0575,0.9,0.99,53.25,545.1818182,119.5510204,31.88,12.76"
"2025-04-14 06:00:00,6,2025-04-14,""ATB"",""FTIR.1"",662.9825,457.58,447.615,23.225,3.85,3.8,1.6,0.25,0.25,1.0325,0.89,0.985,50,545.1818182,119.5510204,31.88,17.38"
"2025-04-14 07:00:00,7,2025-04-14,""ATB"",""FTIR.1"",631.1625,444.325,452.31,21.225,3.75,4.65,1.625,0.25,0.3,1.07,0.94,1.02,48.75,545.1818182,119.5510204,31.88,19.85"
"2025-04-14 08:00:00,8,2025-04-14,""ATB"",""FTIR.1"",528.375,431.45,437.495,12.425,3.6,4,1.35,0.25,0.3,1.105,0.97,1.05,50,545.1818182,119.5510204,31.88,21.23"
"2025-04-14 09:00:00,9,2025-04-14,""ATB"",""FTIR.1"",511.0425,426.075,440.03,11.625,4.05,5.15,1.35,0.2,0.35,1.1625,1.025,1.11,50.25,545.1818182,119.5510204,31.88,23.6"
"2025-04-14 10:00:00,10,2025-04-14,""ATB"",""FTIR.1"",507.72,NA,443.84,12.1,NA,6.2,1.2,NA,0.3,1.16,NA,1.12,45.5,545.1818182,119.5510204,31.88,23.74"
"2025-04-08 12:00:00,12,2025-04-08,""ATB"",""CRDS.1"",534.517640280778,725.803134112778,429.992684565093,12.1580690686021,2.28352327971018,2.12844711573315,0.629902750673287,0.0773647699080556,0.0551381501103963,0.626359332728278,0.59625458753737,0.578858357051371,42.5,545.1818182,119.5510204,30.06491228,18.21"
"2025-04-08 13:00:00,13,2025-04-08,""ATB"",""CRDS.1"",530.408696704342,431.351529443055,429.365462069518,11.0710396026112,2.22321453026241,2.1387600333787,0.66743487599913,0.0596433662492796,0.0434580335804019,0.602981270392074,0.507729110980371,0.550375447763741,43,545.1818182,119.5510204,30.06491228,18.67"
"2025-04-08 14:00:00,14,2025-04-08,""ATB"",""CRDS.1"",553.374783960084,440.856422840648,439.09735719887,13.5009930605824,3.08217810394204,2.93471344304518,0.761401495362639,0.0684198459188056,0.0817648925291202,0.600873657239815,0.51905133446837,0.538325382590056,40.5,545.1818182,119.5510204,30.06491228,14.42333333"
"2025-04-08 15:00:00,15,2025-04-08,""ATB"",""CRDS.1"",512.446099785926,430.808659355574,427.270529015111,9.62479054651999,2.33969675445408,2.05631676522352,0.698414576655092,0.0627785185235759,0.0454213953825537,0.581824856858398,0.514304287054407,0.542884176674574,43,545.1818182,119.5510204,30.06491228,14.64583333"
"2025-04-08 16:00:00,16,2025-04-08,""ATB"",""CRDS.1"",579.581865201528,438.242163036963,426.196271677704,15.8968570484351,3.16237280155111,2.16334668431019,0.856747126951064,0.081984560118737,0.0504774581035556,0.621332720649935,0.524161758144518,0.535338400337963,45,545.1818182,119.5510204,30.06491228,15.29916667"
"2025-04-08 17:00:00,17,2025-04-08,""ATB"",""CRDS.1"",598.286451979583,432.768718412815,438.451249243463,17.5718522050993,2.67121339442,3.22541499566185,0.934106715885971,0.0719749452407203,0.0484723053285444,0.605743883531972,0.513751758415925,0.528862611927666,49.25,545.1818182,119.5510204,30.06491228,11.7575"
"2025-04-08 18:00:00,18,2025-04-08,""ATB"",""CRDS.1"",542.091802980537,436.610426499223,425.479322905129,12.2508327386713,2.98538675421167,2.10169016796148,0.831188490504333,0.0774948894451555,0.045273829426476,0.596580534944963,0.528823768080833,0.528220769383629,42.5,545.1818182,119.5510204,30.06491228,8.716666667"
"2025-04-08 19:00:00,19,2025-04-08,""ATB"",""CRDS.1"",607.31878038512,438.937721877629,429.678377841482,17.9822465629073,3.06961713167833,2.05269696681111,0.798267928008778,0.0709327254338555,0.0396169178939444,0.653768651790352,0.567637446273981,0.575361060709445,44.75,545.1818182,119.5510204,30.06491228,8.058333333"
"2025-04-08 20:00:00,20,2025-04-08,""ATB"",""CRDS.1"",690.460488542213,459.585087249574,465.917563276389,24.3087645522308,3.96895261486925,4.75359164120055,1.378913681564,0.0895470027766779,0.110734502933044,0.674753395013056,0.568940873930222,0.567336208141592,44.25,545.1818182,119.5510204,30.06491228,7.235"
"2025-04-08 21:00:00,21,2025-04-08,""ATB"",""CRDS.1"",588.264124216741,436.361657890852,438.9705785885,14.1960994496009,2.2189858980324,2.55683457170389,1.1051976826808,0.0513588796031648,0.0795730030425574,0.636933734518176,0.560448460982815,0.556222128842537,48.5,545.1818182,119.5510204,30.06491228,6.799166667"
"2025-04-08 22:00:00,22,2025-04-08,""ATB"",""CRDS.1"",641.615879159556,451.864296860796,462.351104006315,17.161659780552,2.77199125637759,3.52148769167611,1.1758302863647,0.0517234576650945,0.124263132854871,0.676252995025195,0.598583896688111,0.602648062113389,53.75,545.1818182,119.5510204,30.06491228,6.248333333"
"2025-04-08 23:00:00,23,2025-04-08,""ATB"",""CRDS.1"",705.562778468713,455.258289148815,466.530682006315,20.6453587944266,2.28299601649351,2.12156683628518,1.0338986304326,0.0489207579388592,0.0578006923118111,0.713493795872083,0.610470352197,0.625398241229389,52.5,545.1818182,119.5510204,30.06491228,5.838333333"
"2025-04-09 00:00:00,0,2025-04-09,""ATB"",""CRDS.1"",685.603982165537,445.987157588352,443.645455205334,21.4152799797592,2.22705589992407,2.06140097719278,0.958347998659213,0.0542671304431796,0.0468013306182778,0.703649312278194,0.588328473987834,0.603994389557833,51.25,545.1818182,119.5510204,30.91034483,5.329166667"
"2025-04-09 01:00:00,1,2025-04-09,""ATB"",""CRDS.1"",706.558533557324,451.557242390518,441.914166149,22.9875491363167,2.70937609040056,2.04296635157333,1.10872977550732,0.0605933240784556,0.0449464925499981,0.672584805414843,0.563235408657592,0.557307757625,55,545.1818182,119.5510204,30.91034483,6.3125"
"2025-04-09 02:00:00,2,2025-04-09,""ATB"",""CRDS.1"",720.323803650185,441.667560201278,442.833069793963,23.6662769692991,2.08515296385388,2.0573659025826,1.28522429901018,0.0495963175508519,0.0444984431962667,0.674570637177741,0.552666968523241,0.560121846425148,56.25,545.1818182,119.5510204,30.91034483,5.664166667"
"2025-04-09 03:00:00,3,2025-04-09,""ATB"",""CRDS.1"",678.450676379843,441.877699768629,448.563097485425,20.4777277341065,2.12503390331315,2.7554280004713,1.23432959165759,0.0430508798994649,0.0441140445529074,0.635497778375796,0.519738978876574,0.533113608872481,56.75,545.1818182,119.5510204,30.91034483,4.918333333"
"2025-04-09 04:00:00,4,2025-04-09,""ATB"",""CRDS.1"",572.584267329213,446.538889076333,455.771921524704,11.6459959082489,2.105892371775,2.62460331916704,0.977846580926177,0.0401636177922593,0.0527014218929833,0.606138543092204,0.550512738450166,0.547632606402296,55.5,545.1818182,119.5510204,30.91034483,5.118333333"
"2025-04-09 05:00:00,5,2025-04-09,""ATB"",""CRDS.1"",653.394069860046,456.218039618092,453.802793402333,17.7261047153963,2.25725482570093,2.04329946577852,0.998702379956519,0.0506362250209148,0.0490410185644666,0.659270815890185,0.568191911449519,0.580622411890388,50.25,545.1818182,119.5510204,30.91034483,5.488333333"
"2025-04-09 06:00:00,6,2025-04-09,""ATB"",""CRDS.1"",619.307678042407,445.497109851389,459.8014385635,16.2110299567739,2.08043613183982,2.64381745555945,0.90126745772063,0.0445357003260056,0.0557017701860666,0.622486357473574,0.567130194364333,0.564420661014685,52.75,545.1818182,119.5510204,30.91034483,6.308333333"
"2025-04-09 07:00:00,7,2025-04-09,""ATB"",""CRDS.1"",606.119892339778,452.244412415722,456.637035426518,15.2426217381475,2.25348282116889,2.68701703800945,0.892682117714251,0.0433960526193389,0.0703012261698963,0.640422549542565,0.598470620557093,0.5881896550265,49.5,545.1818182,119.5510204,30.91034483,10.42166667"
"2025-04-09 08:00:00,8,2025-04-09,""ATB"",""CRDS.1"",656.800516739833,456.415273620037,463.19389821087,19.1471453744759,2.37899689533055,2.71539873483204,1.05331219021445,0.048270680290613,0.0651373912196666,0.705874624891426,0.65506376060526,0.657368247937203,46.5,545.1818182,119.5510204,30.91034483,17.73166667"
"2025-04-09 09:00:00,9,2025-04-09,""ATB"",""CRDS.1"",579.217501014342,445.655614480574,456.21217912187,13.9954054452168,2.26525188822037,3.00434479787093,0.87443085965512,0.0558847452016611,0.0832498630069889,0.743928020377926,0.715950659384519,0.700940532956186,47,545.1818182,119.5510204,30.91034483,18.70583333"
"2025-04-09 10:00:00,10,2025-04-09,""ATB"",""CRDS.1"",547.239356440574,433.327433158704,447.765578105314,12.0645032444323,2.21252015246963,3.16238937001871,0.769940131483509,0.0620676327935056,0.137865502315148,0.81250458323937,0.737191223734926,0.7667490973885,44.5,545.1818182,119.5510204,30.91034483,18.5175"
"2025-04-09 11:00:00,11,2025-04-09,""ATB"",""CRDS.1"",526.793981590722,429.4590224735,438.681197681296,11.0126457305726,2.36985094114334,3.2223117447037,0.756277871471287,0.069080565855163,0.131710424472209,0.700051461467028,0.591545189465982,0.637614247590815,47.25,545.1818182,119.5510204,30.91034483,17.63833333"
"2025-04-09 12:00:00,12,2025-04-09,""ATB"",""CRDS.1"",527.506525572407,430.431438893426,439.068081303334,11.0575464786375,2.62268834687889,2.98041830445259,0.885358461366852,0.07148836834395,0.0943877681246668,0.666298064896556,0.597449315608222,0.606222068249185,48.75,545.1818182,119.5510204,30.91034483,17.0975"
"2025-04-09 13:00:00,13,2025-04-09,""ATB"",""CRDS.1"",516.915275164185,431.169495934982,453.938950919593,10.2650221366529,2.78968508101944,3.20759231274352,0.843822507207991,0.06590032225685,0.0959601997513073,0.682504605069167,0.592234026404981,0.631038619208371,46.75,545.1818182,119.5510204,30.91034483,15.97083333"
"2025-04-09 14:00:00,14,2025-04-09,""ATB"",""CRDS.1"",510.926488432074,426.254754922444,443.742849734852,10.0515612677138,2.291741007,2.67992796682426,0.927680863725147,0.0650976459015815,0.0960499235086721,0.675300815462593,0.611891553520556,0.624947224409963,42.25,545.1818182,119.5510204,30.91034483,15.15083333"
"2025-04-09 15:00:00,15,2025-04-09,""ATB"",""CRDS.1"",522.472536085667,429.998623192926,444.001225692685,10.968520535991,2.64292515998537,3.98547145555296,0.881200761234768,0.0730159343418574,0.116214725046009,0.681150523891954,0.610354908709,0.640970248559666,42.25,545.1818182,119.5510204,30.91034483,14.99666667"
"2025-04-09 16:00:00,16,2025-04-09,""ATB"",""CRDS.1"",521.197007191009,426.683278190871,446.78142599587,10.5074496792183,2.32624073188407,4.28947488633611,0.876806601884676,0.0603183761864074,0.127470811026291,0.71080556096787,0.663667434757815,0.669285808894926,43.5,545.1818182,119.5510204,30.91034483,13.51416667"
"2025-04-09 17:00:00,17,2025-04-09,""ATB"",""CRDS.1"",537.370971816176,431.249957259851,435.254421280333,12.1541361044214,2.91379036212149,3.46938613830351,0.858923335706676,0.0735337667304278,0.106160167550382,0.734266283430111,0.671592835682018,0.68371158266537,46.25,545.1818182,119.5510204,30.91034483,12.0975"
"2025-04-09 18:00:00,18,2025-04-09,""ATB"",""CRDS.1"",557.691863623093,434.79261556437,438.376278106611,13.6746011364832,3.12903081076037,3.75976342203389,0.961076680919158,0.0692112792902703,0.100237175987093,0.747974562266518,0.683524203046667,0.694683178989037,46.75,545.1818182,119.5510204,30.91034483,10.41083333"
"2025-04-09 19:00:00,19,2025-04-09,""ATB"",""CRDS.1"",585.038869349602,431.146997845315,439.223634683537,16.2491285712768,2.74451636684463,3.70336895370833,1.10738299142917,0.0687362622980907,0.101011930793398,0.761099503195815,0.694231765882426,0.696159739277371,45.75,545.1818182,119.5510204,30.91034483,8.985"
"2025-04-09 20:00:00,20,2025-04-09,""ATB"",""CRDS.1"",560.277432117148,428.822932928685,449.768264975944,13.8650782361914,2.33826275445463,4.53665192736315,1.06567576157465,0.0650175843103092,0.122428085611852,0.793160315631805,0.755464116799926,0.741806494032463,47.5,545.1818182,119.5510204,30.91034483,7.58"
"2025-04-09 21:00:00,21,2025-04-09,""ATB"",""CRDS.1"",549.795536544185,427.327433297426,445.356303825333,13.1598390245871,2.27600618463185,4.08603848385963,0.949570432489212,0.0631100227826333,0.0984842614513405,0.827454116170472,0.774800920632463,0.781997040841351,47.75,545.1818182,119.5510204,30.91034483,6.568333333"
"2025-04-09 22:00:00,22,2025-04-09,""ATB"",""CRDS.1"",546.855593418889,427.706685248667,449.974413977222,12.2348996740488,2.13789431737963,4.54650027299759,0.904940065383167,0.0560652861648018,0.124321173299704,0.794298235569833,0.743255060363759,0.763068099008981,48.25,545.1818182,119.5510204,30.91034483,5.710833333"
"2025-04-09 23:00:00,23,2025-04-09,""ATB"",""CRDS.1"",537.587184106861,429.853695416537,464.443649971963,11.2265954640728,2.186948323855,5.56656385901629,0.915450566320158,0.0532836404211278,0.157179212787963,0.775796603325065,0.729793922748778,0.750409397903815,49.5,545.1818182,119.5510204,30.91034483,5.425"
"2025-04-10 00:00:00,0,2025-04-10,""ATB"",""CRDS.1"",570.078053078463,438.551067354796,471.161463749556,13.5026134857029,2.62611877352185,5.70590003671,0.879477003893185,0.0541149550411445,0.157921780166796,0.7685390085855,0.726388125203833,0.735758408153463,56.6,545.1818182,119.5510204,31.315,4.9"
"2025-04-10 01:00:00,1,2025-04-10,""ATB"",""CRDS.1"",549.050647576389,436.189566021759,464.776984185315,11.5714369052809,2.43586301501685,5.12763203112982,0.857062834994935,0.0573662181814185,0.174964671212297,0.775355916068,0.741407153440148,0.745983797739389,56.75,545.1818182,119.5510204,31.315,5.066666667"
"2025-04-10 02:00:00,2,2025-04-10,""ATB"",""CRDS.1"",539.433784940398,437.07771178463,472.808087917611,10.8831384499164,2.373848437375,5.4557425086813,0.76439407280188,0.0575674978540352,0.193833681230981,0.774071513083898,0.742519165605444,0.752560954216629,56.75,545.1818182,119.5510204,31.315,5.486666667"
"2025-04-10 03:00:00,3,2025-04-10,""ATB"",""CRDS.1"",558.527493966639,435.182285255704,464.486657760648,12.1619430724701,2.24322803244352,5.01269766358685,0.841183780703129,0.0612736042134093,0.173586877344963,0.789669607657593,0.758196687902093,0.761619519955982,57.25,545.1818182,119.5510204,31.315,5.5825"
"2025-04-10 04:00:00,4,2025-04-10,""ATB"",""CRDS.1"",555.2975448895,434.227274069778,462.2116059745,12.2977533519532,2.20425644005741,5.04843419677722,0.827142566091972,0.059886456961726,0.163547933210926,0.805578671308926,0.771561577827611,0.780578082504056,51.25,545.1818182,119.5510204,31.315,5.5675"
"2025-04-10 05:00:00,5,2025-04-10,""ATB"",""CRDS.1"",585.301773188861,435.95507624813,447.958266028185,15.1863203769759,2.52793445877907,4.10041969159166,0.969116834951333,0.060524188125124,0.113689399297733,0.820027087115037,0.777195787289685,0.78128018502737,52.25,545.1818182,119.5510204,31.315,6.015833333"
"2025-04-10 06:00:00,6,2025-04-10,""ATB"",""CRDS.1"",608.352103294685,434.395470860926,459.12949683913,17.4799995420028,2.32365856338074,4.89761929343037,0.890990223959509,0.0592646646761815,0.123907041335815,0.822362078286065,0.775628833504649,0.789276774072833,52.25,545.1818182,119.5510204,31.315,6.741666667"
"2025-04-10 07:00:00,7,2025-04-10,""ATB"",""CRDS.1"",588.049030372074,434.931550342371,458.165733404722,15.5312136160805,2.45857743219037,4.72803802100055,0.945995620683018,0.0607822039853222,0.112669752907407,0.815988573185963,0.765678562820741,0.782364636545481,51.75,545.1818182,119.5510204,31.315,7.99"
"2025-04-10 08:00:00,8,2025-04-10,""ATB"",""CRDS.1"",565.51332332074,430.992286875222,452.452519106408,14.0660251455371,2.24042097385685,4.27117144140185,0.921273459908509,0.0602308093936982,0.108005814809672,0.784111513344139,0.740423739236759,0.74887247076787,52.75,545.1818182,119.5510204,31.315,8.808333333"
"2025-04-10 09:00:00,9,2025-04-10,""ATB"",""CRDS.1"",568.200543924722,430.568886331833,436.350495121815,14.0781754795519,2.2682936362337,2.96594113108334,0.909315185424268,0.0647985395371796,0.11981435311663,0.790581789362278,0.732612232054074,0.737758471097537,46.5,545.1818182,119.5510204,31.315,10.09666667"
"2025-04-10 10:00:00,10,2025-04-10,""ATB"",""CRDS.1"",537.69058611112,430.390062730371,438.463956197611,11.5756266370468,2.32106377236407,3.17161622991796,0.886386737905361,0.06449848175115,0.107836881835128,0.787845024165046,0.755697890712796,0.749697120782315,46,545.1818182,119.5510204,31.315,13.65166667"
"2025-04-10 11:00:00,11,2025-04-10,""ATB"",""CRDS.1"",540.100463126861,434.281126588704,447.512949268018,12.0273580695268,2.72127368468314,4.15265240584148,0.825212089723148,0.06551606744325,0.125442292662981,0.807123096023537,0.766150752796778,0.774830587017241,47.25,545.1818182,119.5510204,31.315,14.71083333"
"2025-04-10 12:00:00,12,2025-04-10,""ATB"",""CRDS.1"",509.386781300296,426.764273340389,444.827172283629,9.76640920679251,2.12718994195685,3.91509569936981,0.775796217888593,0.0674715359362204,0.151983502478111,0.812171269894222,0.779631693833926,0.773830839694963,45.25,545.1818182,119.5510204,31.315,16.03083333"
"2025-04-10 13:00:00,13,2025-04-10,""ATB"",""CRDS.1"",540.910106490991,425.955251112759,457.072532731796,12.4224765232369,2.25480566828815,4.30985011014037,0.858714356767704,0.0649630983416833,0.159002668996055,0.836996152825111,0.787425992000222,0.790685274704519,49.75,545.1818182,119.5510204,31.315,16.76166667"
"2025-04-10 14:00:00,14,2025-04-10,""ATB"",""CRDS.1"",513.02539292237,424.17893341663,444.0616538215,10.0544176804063,2.19610919061111,4.10785340437925,0.739027647732639,0.0622154431280722,0.152268001558352,0.845460602280093,0.784111609696482,0.804657465722204,47,545.1818182,119.5510204,31.315,15.39166667"
"2025-04-10 15:00:00,15,2025-04-10,""ATB"",""CRDS.1"",509.766844928972,422.999585628444,440.69780668763,9.7795207457949,2.2178246755113,3.91652903887612,0.763775479637287,0.0610039652387815,0.166822576108315,0.851897015996287,0.799756904360074,0.829957467943111,49.5,545.1818182,119.5510204,31.315,16.50583333"
"2025-04-10 16:00:00,16,2025-04-10,""ATB"",""CRDS.1"",508.391544948074,422.664466068833,443.495822963018,10.0052562445259,2.27538576374093,4.24483493991296,0.894121750389074,0.0671647754038537,0.174481492377185,0.865317827387907,0.812040384687463,0.823331800273741,48.5,545.1818182,119.5510204,31.315,15.40583333"
"2025-04-10 17:00:00,17,2025-04-10,""ATB"",""CRDS.1"",525.375481475352,421.526029456352,442.699584531778,11.2263734784589,2.16765633149537,4.20277913248111,1.17395917885884,0.0653289412941148,0.182418579372611,0.86220554923951,0.7918927194625,0.825367713625425,48.5,545.1818182,119.5510204,31.315,12.99083333"
"2025-04-10 18:00:00,18,2025-04-10,""ATB"",""CRDS.1"",551.214903861204,424.625649482537,451.248143444685,14.9037971450186,2.29585863172982,4.78036391775185,1.11580253559732,0.0657050881374001,0.189398557295574,0.847217255908685,0.768373329994778,0.806652869145612,50,545.1818182,119.5510204,31.315,10.65166667"
"2025-04-10 19:00:00,19,2025-04-10,""ATB"",""CRDS.1"",529.465207129806,426.214716551519,459.146097632797,10.898472407951,2.17056772286722,5.06768918121482,0.807690293832981,0.0585103825867612,0.218190915633371,0.82728562761825,0.79389516381487,0.807784244414759,53,545.1818182,119.5510204,31.315,8.799166667"
"2025-04-10 20:00:00,20,2025-04-10,""ATB"",""CRDS.1"",525.416882644769,429.809116649074,454.247156475648,10.2744778156795,2.21370311874815,4.28954378319296,0.726579034550722,0.0513887066581314,0.200118636365352,0.832963030536324,0.788944811371555,0.808191976380982,50.25,545.1818182,119.5510204,31.315,7.319166667"
"2025-04-10 21:00:00,21,2025-04-10,""ATB"",""CRDS.1"",503.504677693555,431.004267802204,453.478193950593,8.26473644622927,2.15867483041333,4.06437440522759,0.6577756943305,0.0490296107281333,0.189686346382352,0.812063221155417,0.777526666758556,0.790565776692278,49.25,545.1818182,119.5510204,31.315,7.268333333"
"2025-04-10 22:00:00,22,2025-04-10,""ATB"",""CRDS.1"",469.047638359139,430.882244272907,447.602538058148,5.26666088624287,2.1053924280187,3.50312902399315,0.464347388391935,0.0433000630191148,0.140249989146556,0.787926807707491,0.772377456096519,0.792944460162444,50.25,545.1818182,119.5510204,31.315,7.165"
"2025-04-10 23:00:00,23,2025-04-10,""ATB"",""CRDS.1"",464.407214409398,429.741410937982,446.861590785556,4.90351762501213,2.13499306455556,3.45869047475037,0.451940188266241,0.0432292929886871,0.129692042727297,0.783511690158324,0.767384650836111,0.776277778738852,49,545.1818182,119.5510204,31.315,7.190833333"
"2025-04-11 00:00:00,0,2025-04-11,""ATB"",""CRDS.1"",471.04515252538,430.484388310074,451.688307186315,5.34855578048435,2.11511497836074,3.81839709848796,0.43869988578138,0.0426489232493,0.136124887745074,0.781776917710222,0.767630573962204,0.767761692814037,49,545.1818182,119.5510204,31.21864407,6.895833333"
"2025-04-11 01:00:00,1,2025-04-11,""ATB"",""CRDS.1"",490.55645667113,431.234389716222,454.665885909759,7.01076220810213,2.1514435817774,4.01083328516166,0.523184442028315,0.0464877484356648,0.156860167735296,0.804667999158741,0.791044167089296,0.794194594355463,47.4,545.1818182,119.5510204,31.21864407,6.143333333"
"2025-04-11 02:00:00,2,2025-04-11,""ATB"",""CRDS.1"",491.628808403333,431.087983290519,454.0775280765,7.1199826878325,2.26041973530723,4.09291366311407,0.593973784447722,0.0505328339467722,0.169054629002778,0.820956696123583,0.793921864663925,0.803492334425334,48.75,545.1818182,119.5510204,31.21864407,5.969166667"
"2025-04-11 03:00:00,3,2025-04-11,""ATB"",""CRDS.1"",495.273659194509,429.367469715074,447.603625774518,7.58497384532232,2.16001058519667,3.81975317029889,0.583780836685926,0.0492958190992982,0.152483463306685,0.775503855416037,0.738932773305926,0.771977209371111,50.75,545.1818182,119.5510204,31.21864407,6.251666667"
"2025-04-11 04:00:00,4,2025-04-11,""ATB"",""CRDS.1"",504.740268790963,431.001908782759,451.622476211982,7.97730593266444,2.20686337080111,3.95489900008888,0.632918480847741,0.0479342107155963,0.13356433215837,0.765604624764426,0.744696365829185,0.751927935051204,54,545.1818182,119.5510204,31.21864407,6.549166667"
"2025-04-11 05:00:00,5,2025-04-11,""ATB"",""CRDS.1"",513.505190902657,430.728452046314,449.793936395963,8.65928426520778,2.20376704096388,3.73361377378204,0.609108710861935,0.0500186587063759,0.142310244239834,0.781483045277185,0.754230472513908,0.75595711308637,51,545.1818182,119.5510204,31.21864407,7.038333333"
"2025-04-11 06:00:00,6,2025-04-11,""ATB"",""CRDS.1"",544.550931163991,430.867556681981,455.026713462722,11.9781488796542,2.23367976587482,4.35223603294759,0.666748372151083,0.0536268269250871,0.135996234147537,0.798683423017056,0.77000902420537,0.766664097293982,51.5,545.1818182,119.5510204,31.21864407,8.2375"
"2025-04-11 07:00:00,7,2025-04-11,""ATB"",""CRDS.1"",538.006253375907,429.703533419907,451.187790565833,12.2280279049019,2.28256158448963,4.18836299973685,0.70234319301238,0.0567098353446093,0.139512657448741,0.812298358798065,0.786055278090574,0.797303472460481,52.5,545.1818182,119.5510204,31.21864407,11.62166667"
"2025-04-11 08:00:00,8,2025-04-11,""ATB"",""CRDS.1"",520.864481050833,427.251149559666,450.932178691074,10.6472112354568,2.24800190840944,4.35507981784315,0.704947262488148,0.0591901535948889,0.152349049942703,0.829372665474324,0.804131520497555,0.804910882994,53,545.1818182,119.5510204,31.21864407,14.85916667"
"2025-04-11 09:00:00,9,2025-04-11,""ATB"",""CRDS.1"",506.501524500537,425.690175801371,442.874545867833,9.28424653934898,2.22882421579019,3.81764415506851,0.728266695671129,0.0645488763564093,0.158874940252296,0.845135671868398,0.818053415388833,0.813693677226815,48.5,545.1818182,119.5510204,31.21864407,15.85666667"
"2025-04-11 10:00:00,10,2025-04-11,""ATB"",""CRDS.1"",505.076458072648,423.690969046333,442.836100239408,9.67518522268287,2.20057661736889,3.89712540164981,0.73326228620325,0.0659043896460259,0.160973184637037,0.85658288262176,0.825540144541981,0.814998080597074,45.5,545.1818182,119.5510204,31.21864407,12.95166667"
"2025-04-11 11:00:00,11,2025-04-11,""ATB"",""CRDS.1"",527.112606259898,422.739448038481,445.828017774352,11.7451720517531,2.15745669413778,4.65639540294833,0.773898732364408,0.0646874019380685,0.164645819057907,0.858671197863695,0.805058297440314,0.809711179921611,46,545.1818182,119.5510204,31.21864407,12.64833333"
"2025-04-11 12:00:00,12,2025-04-11,""ATB"",""CRDS.1"",530.635571741009,423.455831983667,447.118172689944,11.9586610208838,2.25399008546278,4.60345563202259,0.823866208622574,0.0620639440256277,0.151676101646185,0.86786839317125,0.82459085901887,0.822511437831185,45.5,545.1818182,119.5510204,31.21864407,13.685"
"2025-04-11 13:00:00,13,2025-04-11,""ATB"",""CRDS.1"",515.986000204815,422.48574614563,439.695801301222,10.6210420816961,2.21243761936445,3.87082863138612,0.889519444753732,0.0615153953304982,0.150254501274426,0.871377201694463,0.830138838523722,0.823182551635167,43.25,545.1818182,119.5510204,31.21864407,16.23666667"
"2025-04-11 14:00:00,14,2025-04-11,""ATB"",""CRDS.1"",525.662502059213,423.059199452463,447.526785175963,11.4272869172775,2.35060135385074,4.57033223817463,0.864053047326426,0.0633088789943907,0.166761541285,0.89039478639212,0.848074843785778,0.845933177138537,47,545.1818182,119.5510204,31.21864407,17.26"
"2025-04-11 15:00:00,15,2025-04-11,""ATB"",""CRDS.1"",520.823715046426,421.513264792055,452.246772897926,11.1345409021923,2.30251495006796,4.06722518891278,0.93478860683912,0.0648146068349019,0.168215232668407,0.896978083251269,0.843508671238129,0.848821850552315,45.25,545.1818182,119.5510204,31.21864407,16.01916667"
"2025-04-11 16:00:00,16,2025-04-11,""ATB"",""CRDS.1"",516.618009623898,422.855440179963,431.14140051587,10.6524648053735,2.49651491551981,3.37767295860093,1.01427073883717,0.0728098584619019,0.137868521895185,0.913255819466046,0.838485480116426,0.86079712683176,45.25,545.1818182,119.5510204,31.21864407,15.745"
"2025-04-11 17:00:00,17,2025-04-11,""ATB"",""CRDS.1"",551.827272324972,426.158221855963,434.89482315363,13.5558524122565,2.75288940441241,3.66310576005833,1.23890653390772,0.0702647674402889,0.128228541971871,0.915618474162482,0.833448741853907,0.86475776242987,46.75,545.1818182,119.5510204,31.21864407,14.79166667"
"2025-04-11 18:00:00,18,2025-04-11,""ATB"",""CRDS.1"",649.302320648389,425.026641542593,451.812585356445,21.6363568861056,2.57183744686018,5.24685684775259,1.8658035874037,0.0828448681035148,0.208996742652611,0.9660966489485,0.863081192791723,0.879569806552278,47.5,545.1818182,119.5510204,31.21864407,13.53833333"
"2025-04-11 19:00:00,19,2025-04-11,""ATB"",""CRDS.1"",677.756166877935,432.258806158241,484.918039423833,23.7306179465861,2.63092023803203,7.32079182319796,1.70858908934732,0.0893575698253944,0.322335407281407,0.980652497568389,0.872039437267667,0.902089008504352,47,545.1818182,119.5510204,31.21864407,13.01083333"
"2025-04-11 20:00:00,20,2025-04-11,""ATB"",""CRDS.1"",623.776723565398,435.542396347463,473.328675997629,17.7936663553565,2.67097870911648,5.61330049663149,1.41397941334759,0.0908413390737481,0.262259196570111,0.974282048746861,0.898370601635593,0.908074917184778,45.5,545.1818182,119.5510204,31.21864407,12.75916667"
"2025-04-11 21:00:00,21,2025-04-11,""ATB"",""CRDS.1"",652.232481052046,443.713662901037,487.515507640092,19.6096897523509,3.01724997699148,6.48149826179037,1.37290882355759,0.122346407208852,0.252747418952222,0.995651415052315,0.91998215725337,0.924013512575723,47.75,545.1818182,119.5510204,31.21864407,12.80833333"
"2025-04-11 22:00:00,22,2025-04-11,""ATB"",""CRDS.1"",596.41530556712,439.712168299037,494.899722045444,14.7062844455768,2.60218713588518,6.76400235440112,1.08579626058478,0.132667082282907,0.297665093029908,0.997340075599972,0.943725249349481,0.94233528865037,48,545.1818182,119.5510204,31.21864407,11.15333333"
"2025-04-11 23:00:00,23,2025-04-11,""ATB"",""CRDS.1"",584.543343396704,430.789459712833,468.967654410555,14.415459291426,2.32024168540018,5.90289439714037,1.28349314699676,0.0895746028214129,0.213366399965759,1.03554801973111,0.980129479321167,0.966425886318093,45.5,545.1818182,119.5510204,31.21864407,9.908333333"
"2025-04-12 00:00:00,0,2025-04-12,""ATB"",""CRDS.1"",657.879144818278,436.771693116074,451.739010093982,20.2713301704157,2.84403700654852,4.64039179492426,1.46188135118056,0.0840289048647778,0.145186948266815,1.08066836224889,1.00447912001552,0.9843652237645,44.75,545.1818182,119.5510204,31.28305085,8.869166667"
"2025-04-12 01:00:00,1,2025-04-12,""ATB"",""CRDS.1"",654.02768794975,434.439512965463,453.966598216277,19.552252302913,2.4063077680776,4.6648438059124,1.54085754594306,0.0864070128666481,0.13540634202274,1.06796678353917,1.00457229594356,0.969389930008834,48.2,545.1818182,119.5510204,31.28305085,7.8525"
"2025-04-12 02:00:00,2,2025-04-12,""ATB"",""CRDS.1"",608.121986627213,438.993905464555,457.027886207833,15.5332821431685,2.22515571282148,4.79070936147981,1.33528119468472,0.0819635344115981,0.170656984626277,1.04030211351036,0.981155759982389,0.968099722810982,50.5,545.1818182,119.5510204,31.28305085,8.175833333"
"2025-04-12 03:00:00,3,2025-04-12,""ATB"",""CRDS.1"",596.386556065898,439.414203745,473.371886167685,14.361013824507,2.27644857455111,5.35759571085815,1.24288698944408,0.0795346248283,0.180647246884463,1.01959202905569,0.970269024512519,0.948855033370611,45.75,545.1818182,119.5510204,31.28305085,8.700833333"
"2025-04-12 04:00:00,4,2025-04-12,""ATB"",""CRDS.1"",590.041805191185,439.299633866666,450.699555949148,13.7833410637355,2.26000931286555,2.93419154732981,1.21045672584759,0.0850547378066482,0.164482511517889,1.02649420255074,1.00004637152946,0.959235225111907,52.25,545.1818182,119.5510204,31.28305085,8.885"
"2025-04-12 05:00:00,5,2025-04-12,""ATB"",""CRDS.1"",591.648221809981,439.719816801167,443.7430629885,13.9207430252835,2.06547867659111,2.39311089561944,1.06110628190257,0.0836512373685148,0.154666500834278,1.04605114040648,1.01118404454833,0.975027440716185,48.25,545.1818182,119.5510204,31.28305085,9.3125"
"2025-04-12 06:00:00,6,2025-04-12,""ATB"",""CRDS.1"",611.573587832963,442.782371638186,453.8691651895,17.6185620255944,2.20813726705352,3.23724691925926,0.979286901466647,0.0794529907974907,0.142407560060555,1.05735780026694,1.02212411554,0.987486560901426,47.75,545.1818182,119.5510204,31.28305085,9.8525"
"2025-04-12 07:00:00,7,2025-04-12,""ATB"",""CRDS.1"",623.874499138028,440.833379254296,473.176679474278,18.3952390711065,2.39368059173537,5.13783166381074,1.07038780422917,0.0845067238309092,0.181413960487389,1.06579425540685,1.01266722750506,1.01756166600443,49.25,545.1818182,119.5510204,31.28305085,10.31833333"
"2025-04-12 08:00:00,8,2025-04-12,""ATB"",""CRDS.1"",592.710188683398,433.335817457296,463.561492841796,15.8136615551623,2.31605932204148,5.11553017101444,1.09177891166952,0.0900115881090925,0.191894963670222,1.06011645788037,0.999570421352592,0.978131941164444,50.25,545.1818182,119.5510204,31.28305085,10.82833333"
"2025-04-12 09:00:00,9,2025-04-12,""ATB"",""CRDS.1"",599.675647556315,433.071146471926,446.964642631389,16.9737406587963,2.39161917265537,4.00305855586593,1.02633204946158,0.0868039341358667,0.14834792387313,1.05485918118139,1.0038111591797,0.976187246792556,50.5,545.1818182,119.5510204,31.28305085,13.40166667"
"2025-04-12 10:00:00,10,2025-04-12,""ATB"",""CRDS.1"",565.356152142991,428.077517340852,442.303272510982,14.2915112489734,2.07538932195797,3.37420097177481,0.966751114716417,0.0802061392301111,0.146840339570351,1.04893114733352,1.00157808337495,0.977630592570518,47.5,545.1818182,119.5510204,31.28305085,18.76916667"
"2025-04-12 11:00:00,11,2025-04-12,""ATB"",""CRDS.1"",527.313659840787,428.688280841037,430.864714392648,11.0468452113647,2.23291037021592,2.46333737489463,0.799963279349685,0.0750606176338,0.1426474986105,1.02653559127102,0.972255532423834,0.966005886920907,47,545.1818182,119.5510204,31.28305085,19.75583333"
"2025-04-12 12:00:00,12,2025-04-12,""ATB"",""CRDS.1"",538.074516340676,428.709236839815,425.378142059963,11.8750786485693,2.44806625836926,2.20270795607482,0.93075723506751,0.0753043205015722,0.107224438566822,1.03393403937685,0.960523913180037,0.952272020932926,46.25,545.1818182,119.5510204,31.28305085,21.28583333"
"2025-04-12 13:00:00,13,2025-04-12,""ATB"",""CRDS.1"",545.959775900472,423.115051821444,423.862358653759,12.4289750158456,2.03787364611278,2.22915408024426,1.16246990174078,0.0717532379731741,0.0982142420579315,1.02196019450174,0.90946185642863,0.945871934354777,46,545.1818182,119.5510204,31.28305085,21.39333333"
"2025-04-12 14:00:00,14,2025-04-12,""ATB"",""CRDS.1"",521.329396165509,424.719095127556,429.847611055352,10.542997867356,2.25438729288055,2.82735506325371,1.19665514887119,0.0661121194802907,0.132850971987719,0.952014407764334,0.849331807006667,0.906702550949315,46.5,545.1818182,119.5510204,31.28305085,18.80666667"
"2025-04-12 15:00:00,15,2025-04-12,""ATB"",""CRDS.1"",524.72093316438,422.102586882259,424.074434142037,10.8983203960648,2.04215288059037,2.36466141255389,0.952403230417344,0.0572884157700092,0.129434069405767,0.919618038891889,0.814488379817129,0.878344534924685,44.5,545.1818182,119.5510204,31.28305085,21.35333333"
"2025-04-12 16:00:00,16,2025-04-12,""ATB"",""CRDS.1"",511.835298643528,423.823589735223,419.682538371555,9.91757904711138,2.26612186872611,2.05348058385204,0.889929199585704,0.061623429469463,0.08936128005525,0.896210503981129,0.785486105663759,0.86623981172863,44.75,545.1818182,119.5510204,31.28305085,19.65"
"2025-04-12 17:00:00,17,2025-04-12,""ATB"",""CRDS.1"",566.97690869012,432.704523921,420.701236820277,14.5975360029655,2.92773812770871,2.11890004963741,1.00457399423469,0.124537440886783,0.0718236623011426,0.81574288835424,0.682067438589,0.807120827516518,46.75,545.1818182,119.5510204,31.28305085,15.295"
"2025-04-12 18:00:00,18,2025-04-12,""ATB"",""CRDS.1"",625.732222360972,442.367777709018,420.528569491982,19.3974694044611,4.00057674349555,2.05601883069463,1.39468991651917,0.156033455785969,0.0685683763054704,0.883733904782861,0.76045594100024,0.805411015296185,46.75,545.1818182,119.5510204,31.28305085,12.14916667"
"2025-04-12 19:00:00,19,2025-04-12,""ATB"",""CRDS.1"",697.249559350287,425.436243659629,423.460636930333,25.441944047512,2.44747962508518,2.07637630228851,1.40551031793343,0.100080615114339,0.0671794616806611,0.986379890579937,0.880218178405815,0.88339884861687,47.5,545.1818182,119.5510204,31.28305085,10.58333333"
"2025-04-12 20:00:00,20,2025-04-12,""ATB"",""CRDS.1"",769.654471457,433.075630639037,431.260010263278,30.6651965412463,2.40955840320352,2.12543485871555,1.46122399754426,0.0873163884727721,0.0654607759980703,1.02177102204853,0.889214850898389,0.885256758256167,47.25,545.1818182,119.5510204,31.28305085,9.678333333"
"2025-04-12 21:00:00,21,2025-04-12,""ATB"",""CRDS.1"",781.17507867875,439.331342095574,438.883321383259,30.2280993150824,2.04367587102759,2.08871164618259,1.56354327706685,0.0825357549453722,0.0650311434069593,1.00011044416222,0.844409593955185,0.860269274851056,47.75,545.1818182,119.5510204,31.28305085,8.9425"
"2025-04-12 22:00:00,22,2025-04-12,""ATB"",""CRDS.1"",762.344363981333,450.184747033389,444.814458595407,27.2157231262324,2.76822256308018,2.07584383839889,1.73383743733028,0.0871288207994648,0.0637715740748667,0.933365960238435,0.799804109622019,0.791829244258037,46.5,545.1818182,119.5510204,31.28305085,8.393333333"
"2025-04-12 23:00:00,23,2025-04-12,""ATB"",""CRDS.1"",733.337554290194,438.141149364074,441.902280424852,25.2394333035324,2.03298388655778,2.05286680398482,1.45753304326296,0.0862223241035648,0.0609573486143723,0.923423808924528,0.849776923678204,0.8064094480265,45.5,545.1818182,119.5510204,31.28305085,7.313333333"
"2025-04-13 00:00:00,0,2025-04-13,""ATB"",""CRDS.1"",698.922974754102,448.684203894481,443.90439277513,22.0514470129176,2.54308514269093,2.04901473714796,1.37293284785454,0.0800612334908334,0.0619695998842593,0.939124480805361,0.870578423073426,0.841145592973204,49,545.1818182,119.5510204,31.075,8.0475"
"2025-04-13 01:00:00,1,2025-04-13,""ATB"",""CRDS.1"",702.380779717139,458.84860217274,458.351069088203,21.4770736285185,2.27342899596352,2.13325980135685,1.31507765458574,0.0815948095125222,0.0658964454075833,0.937123764365741,0.885064167483315,0.886047163168889,49,545.1818182,119.5510204,31.075,7.1225"
"2025-04-13 02:00:00,2,2025-04-13,""ATB"",""CRDS.1"",645.114550079778,440.797717889222,449.843675318388,17.1487317067821,2.0354272547,2.06717286389,1.12947720752353,0.0758351263823574,0.0687580921056851,0.956977062797083,0.929924415990203,0.924992661328482,49.75,545.1818182,119.5510204,31.075,7.5725"
"2025-04-13 03:00:00,3,2025-04-13,""ATB"",""CRDS.1"",601.84649589012,448.283105401092,451.558385820019,13.413260656278,2.05450219294,2.05704890465593,0.80794083010362,0.0625998432111056,0.0551637622686019,0.932737525037453,0.897167829500741,0.873362438970222,50.25,545.1818182,119.5510204,31.075,8.071666667"
"2025-04-13 04:00:00,4,2025-04-13,""ATB"",""CRDS.1"",606.815422204481,459.292054873944,453.968396732186,13.5308012926549,2.10699662492555,2.06828665643908,0.811972294764009,0.0653682142666056,0.0580453076309093,0.918766113987343,0.905956283712852,0.889880331345407,52.75,545.1818182,119.5510204,31.075,8.995"
"2025-04-13 05:00:00,5,2025-04-13,""ATB"",""CRDS.1"",587.288142420287,463.682227921815,453.357002758167,12.473045035397,2.13806299891315,2.09856382910445,0.826716931317037,0.0625548399254204,0.0593557369500167,0.91586978708488,0.899399802158796,0.884961589285148,53,545.1818182,119.5510204,31.075,11.76333333"
"2025-04-13 06:00:00,6,2025-04-13,""ATB"",""CRDS.1"",743.74191544763,451.58426328287,442.953091992148,28.8702817033037,2.12179144353333,2.21900496152944,0.937017637054241,0.0644743594795555,0.0645428904309037,0.967856757549704,0.901651177541056,0.900735484392241,51,545.1818182,119.5510204,31.075,16.02"
"2025-04-13 07:00:00,7,2025-04-13,""ATB"",""CRDS.1"",688.911351259055,437.563027959519,438.257627330815,25.3449904505343,2.08624025175667,2.13226415439537,0.851443531126565,0.0672959581053926,0.0636229516651518,0.982055977599241,0.912574437685666,0.903553034451963,49.25,545.1818182,119.5510204,31.075,19.66416667"
"2025-04-13 08:00:00,8,2025-04-13,""ATB"",""CRDS.1"",649.504480153046,433.08905053337,434.401822099685,21.8202493804944,2.08301586814222,2.23968358696371,0.853270226715445,0.0699111247157796,0.0667279809650241,1.00978990637193,0.944445080795407,0.912155459854796,46.25,545.1818182,119.5510204,31.075,20.4425"
"2025-04-13 09:00:00,9,2025-04-13,""ATB"",""CRDS.1"",595.688745943167,429.197401338722,430.278854962315,17.3477811753345,2.06639715323703,2.25796336717241,0.906706370192693,0.0683840403502574,0.0750596091302592,1.0474179346196,0.962606605025518,0.948046874646074,49.5,545.1818182,119.5510204,31.075,22.9175"
"2025-04-13 10:00:00,10,2025-04-13,""ATB"",""CRDS.1"",610.80183219863,425.250451167278,428.317172922833,18.821748650113,2.05515889780445,2.36183016834296,1.39783628623093,0.0749623800034537,0.0845174600304056,1.08404100261157,0.997057792957335,0.977108907312556,46.25,545.1818182,119.5510204,31.075,22.21083333"
"2025-04-13 11:00:00,11,2025-04-13,""ATB"",""CRDS.1"",558.733601095759,423.434123473463,425.860854135111,14.2146402620433,2.04359329165925,2.41100359427686,1.40185183646676,0.0699497397405555,0.0928321213200704,1.08672789203778,0.98464638764663,1.00383609684083,48.25,545.1818182,119.5510204,31.075,23.2575"
"2025-04-13 12:00:00,12,2025-04-13,""ATB"",""CRDS.1"",550.396782931796,422.256187551685,422.969198495556,13.0473890098121,2.03428303667204,2.37620336921296,1.37746650428908,0.0680106773270889,0.105663843036732,1.09733217024472,1.00403154319537,1.05171862427898,46.75,545.1818182,119.5510204,31.075,23.03416667"
"2025-04-13 13:00:00,13,2025-04-13,""ATB"",""CRDS.1"",507.009305120667,420.949654845259,422.451501801167,9.28704827832833,2.02646834443741,2.29785278397037,1.13768737468056,0.0656561347717685,0.0999352049005741,1.0994891550663,1.02259905046087,1.06692139390778,47.25,545.1818182,119.5510204,31.075,22.05166667"
"2025-04-13 14:00:00,14,2025-04-13,""ATB"",""CRDS.1"",499.426311788037,420.534796047834,421.572966778981,8.85115845893279,2.02607506371055,2.30643849870907,0.981072693670712,0.0634244823479,0.101208557512707,1.12193723660546,1.04290878217926,1.10138564970278,50.75,545.1818182,119.5510204,31.075,19.90166667"
"2025-04-13 15:00:00,15,2025-04-13,""ATB"",""CRDS.1"",501.720973188426,421.295579060926,428.850620159037,8.86007887077824,2.07211175567907,2.79752004271148,0.761579643653398,0.0619946981360407,0.126750263489037,1.11778060317954,1.06473623383703,1.11318137938185,50.25,545.1818182,119.5510204,31.075,20.78416667"
"2025-04-13 16:00:00,16,2025-04-13,""ATB"",""CRDS.1"",512.877443917871,424.054429641018,446.818350770204,9.57963470346767,2.1174580733487,4.06366807659111,0.876815647121871,0.0651314520932186,0.211995159793444,1.15218252852065,1.11762842055778,1.13780924990833,50,545.1818182,119.5510204,31.075,19.8125"
"2025-04-13 17:00:00,17,2025-04-13,""ATB"",""CRDS.1"",513.708705406454,420.983439025537,445.254434678759,9.67290338036657,2.09742586251592,4.09756799923815,0.876951850504824,0.0712519146282463,0.218445812944796,1.1945313987825,1.13465594331704,1.17578662770852,46.5,545.1818182,119.5510204,31.075,17.80416667"
"2025-04-13 18:00:00,18,2025-04-13,""ATB"",""CRDS.1"",562.130195148259,422.378156973666,454.146966770852,13.4494110628638,2.12926190473,4.86545374897703,1.14573703216786,0.069925537085687,0.271583138039463,1.18147714951185,1.11044130884093,1.15358823081667,47,545.1818182,119.5510204,31.075,16.905"
"2025-04-13 19:00:00,19,2025-04-13,""ATB"",""CRDS.1"",673.603121696315,429.005716579111,472.701726924611,21.6729598371667,2.21826479665963,5.80127838543685,1.797838775715,0.0840316731107814,0.380467315336259,1.26476946062806,1.15003710987167,1.18516148327556,46.25,545.1818182,119.5510204,31.075,14.97583333"
"2025-04-13 20:00:00,20,2025-04-13,""ATB"",""CRDS.1"",626.919639581306,433.519874285037,505.949426745259,17.7396516272695,2.36167908569556,7.97135493064,1.59217632299722,0.0805342262909519,0.528310532465278,1.22790035765083,1.1343370256926,1.17187900367426,49,545.1818182,119.5510204,31.075,13.31833333"
"2025-04-13 21:00:00,21,2025-04-13,""ATB"",""CRDS.1"",553.957333904083,429.567875870407,452.513117861297,11.9773963971215,2.28034408989852,3.96160309242148,1.18920154643624,0.0928331936663573,0.253290785786963,1.31487235042055,1.35944054019075,1.24234395412426,48.75,545.1818182,119.5510204,31.075,12.90333333"
"2025-04-13 22:00:00,22,2025-04-13,""ATB"",""CRDS.1"",676.304477626481,439.496152790593,454.641241108167,20.6444347857055,2.20042422493463,3.53830934598204,2.16853452936379,0.110644021145423,0.265553410235278,1.44934854521028,1.36874407985,1.30539674098185,47.75,545.1818182,119.5510204,31.075,12.69583333"
"2025-04-13 23:00:00,23,2025-04-13,""ATB"",""CRDS.1"",678.310903037741,440.627014490056,452.220386476166,20.1797442641898,2.09477856632649,2.75245311690352,1.91219681438176,0.112986319373232,0.155628069254759,1.43723636503074,1.35921614545593,1.28509463672648,48,545.1818182,119.5510204,31.075,11.44916667"
"2025-04-14 00:00:00,0,2025-04-14,""ATB"",""CRDS.1"",632.791556914722,440.797757801519,447.706630177815,16.2977803312376,2.13442169199352,2.59548906726407,1.65012919983157,0.104196765562798,0.144676432640722,1.39283895919981,1.31535026834704,1.25143550087093,46.5,545.1818182,119.5510204,31.88,11.2"
"2025-04-14 01:00:00,1,2025-04-14,""ATB"",""CRDS.1"",585.811807660268,441.55455256274,459.541933518666,12.6184031162643,2.21887976283981,3.11636649139111,1.23543657067278,0.0992838606522592,0.125964569882944,1.31639848877565,1.27708404342685,1.20754994514889,47.4,545.1818182,119.5510204,31.88,10.4"
"2025-04-14 02:00:00,2,2025-04-14,""ATB"",""CRDS.1"",590.387277545342,446.564151440963,460.475917545111,12.6301170860005,2.23728729892408,2.97254119406852,1.32799834770009,0.0970131623035296,0.139351651772092,1.28111360546259,1.22882944724222,1.17474204036926,50.5,545.1818182,119.5510204,31.88,9.66"
"2025-04-14 03:00:00,3,2025-04-14,""ATB"",""CRDS.1"",706.855706433343,453.210068492796,459.254121426315,20.1856443344778,2.72630366832741,2.42004266946778,1.87769699756491,0.104713659197921,0.12300184196818,1.25431237594213,1.2090490941237,1.12861750994074,48.5,545.1818182,119.5510204,31.88,9.51"
"2025-04-14 04:00:00,4,2025-04-14,""ATB"",""CRDS.1"",630.534526268426,477.637657009445,462.134630314482,14.6370130583947,3.98518073117167,2.38048283754074,1.50208269234408,0.100643753848307,0.128158125284334,1.21516616602084,1.16817355882852,1.10722065545167,51.5,545.1818182,119.5510204,31.88,9.55"
"2025-04-14 05:00:00,5,2025-04-14,""ATB"",""CRDS.1"",761.590095434972,449.460713652629,470.621972721334,24.694631501688,2.09043053443111,3.17720763928074,1.58845684350546,0.107814410816476,0.108513627759446,1.19241723511222,1.16249434708074,1.05646802189815,53.25,545.1818182,119.5510204,31.88,12.76"
"2025-04-14 06:00:00,6,2025-04-14,""ATB"",""CRDS.1"",682.604513393408,462.993379330797,473.654603582945,20.5823221866778,2.18378593945,3.42055362122186,1.25638586365361,0.100554650809042,0.145707082322778,1.16606359253129,1.13370484134037,1.09253460164018,50,545.1818182,119.5510204,31.88,17.38"
"2025-04-14 07:00:00,7,2025-04-14,""ATB"",""CRDS.1"",692.150582602158,452.587977043574,475.041385069278,22.3629555284537,2.27097727102667,3.5034322762363,1.30899032069648,0.115669121356981,0.141988668513889,1.21693816694092,1.20327516577871,1.11619794344815,48.75,545.1818182,119.5510204,31.88,19.85"
"2025-04-14 08:00:00,8,2025-04-14,""ATB"",""CRDS.1"",549.520413791074,440.409535041907,453.995230289722,11.0753417932221,2.17854017460426,3.06195714558667,1.0586850219808,0.120834367367718,0.188383515893518,1.25394930672435,1.2282977279163,1.15767688918462,50,545.1818182,119.5510204,31.88,21.23"
"2025-04-14 09:00:00,9,2025-04-14,""ATB"",""CRDS.1"",545.528279070935,435.946627509926,456.753137692111,11.2409824432731,2.19291574950334,3.97777557964444,1.07736727285107,0.122625463305481,0.2391404524065,1.32273569290602,1.25928684744592,1.21430538544167,50.25,545.1818182,119.5510204,31.88,23.6"
"2025-04-14 10:00:00,10,2025-04-14,""ATB"",""CRDS.1"",520.745501764185,432.964271396592,447.60954209187,9.27118759775075,2.2490625085326,3.31606866052463,1.07431432078023,0.114025012730109,0.20644606508763,1.31127476721426,1.25724651586148,1.21979551478,45.5,545.1818182,119.5510204,31.88,23.74"
"2025-04-14 11:00:00,11,2025-04-14,""ATB"",""CRDS.1"",527.883930941333,427.630518651537,436.088329353,11.3401904000519,2.19355127597537,2.84252687651,1.1542301318703,0.11008355589923,0.1936367928315,1.31769708509509,1.24263961593759,1.20799459579593,50.5,545.1818182,119.5510204,31.88,24.36"
"2025-04-14 12:00:00,12,2025-04-14,""ATB"",""CRDS.1"",568.551896457435,426.181154063778,452.542024862297,15.1884370981215,2.26808552696555,4.6718631074263,1.50878266475722,0.105545699249943,0.262427054886,1.24608812448056,1.10718005745129,1.13209183707463,49,545.1818182,119.5510204,31.88,22.98"
"2025-04-14 13:00:00,13,2025-04-14,""ATB"",""CRDS.1"",548.027178141473,423.858495485889,436.482385942575,12.8842292478675,2.16629503530185,3.35394111773815,1.47146190190778,0.0870544839181389,0.228232410069093,1.06748505734108,0.879489935832185,0.946242324607945,46.75,545.1818182,119.5510204,31.88,22.7"
"2025-04-14 14:00:00,14,2025-04-14,""ATB"",""CRDS.1"",541.091021509361,424.852617383018,439.232284828389,12.7335144047372,2.3929570604287,3.63582887662148,1.36688401541556,0.0822776775736574,0.19691806101637,0.920257095702213,0.799318575672611,0.821698972639704,46.5,545.1818182,119.5510204,31.88,22.42"
"2025-04-14 15:00:00,15,2025-04-14,""ATB"",""CRDS.1"",603.931285369417,422.665695981944,449.614911998648,17.9791281336169,2.21654488646834,4.4899182114813,1.89901540614232,0.0877276471987908,0.263459181157463,0.95880301444012,0.79098647608663,0.813493576768352,48.75,545.1818182,119.5510204,31.88,23.67"
"2025-04-14 16:00:00,16,2025-04-14,""ATB"",""CRDS.1"",575.537536004704,423.553519752018,435.791423736092,14.9922639870582,2.23676625193815,3.46316967085056,1.75282338018796,0.0869881078354648,0.216267829593388,0.909269288725417,0.75448412042237,0.769219396248852,48.5,545.1818182,119.5510204,31.88,22.06"
"2025-04-14 17:00:00,17,2025-04-14,""ATB"",""CRDS.1"",614.775482726806,428.696989000092,447.002480792019,17.779267688888,2.71380542037111,4.24979144427315,1.98844142516593,0.0836109190234648,0.223840628505445,0.917386048223444,0.729326487533962,0.761049419774704,49,545.1818182,119.5510204,31.88,17.88"
"2025-04-14 18:00:00,18,2025-04-14,""ATB"",""CRDS.1"",639.014470678102,435.714845089111,422.578426745222,19.7195605937576,3.38526819250278,2.18347123745093,2.08034921471259,0.181645310387241,0.0884706165459797,0.915274452809074,0.777680002315871,0.755526328939167,51,545.1818182,119.5510204,31.88,15.07"
"2025-04-14 19:00:00,19,2025-04-14,""ATB"",""CRDS.1"",654.910243575472,443.435256966445,422.866029828426,21.1086642932583,3.87146881913352,2.03450500418167,2.23978735244287,0.148795341931333,0.0785643804320296,1.05644387020315,0.879004058526778,0.904194312471019,50,545.1818182,119.5510204,31.88,13.48"
"2025-04-14 20:00:00,20,2025-04-14,""ATB"",""CRDS.1"",793.216528179065,446.301513390481,429.702733248148,32.2155982733074,3.64934536373778,2.11631961918223,2.28439669971593,0.207394983614278,0.0779832288222667,1.02813899239191,0.824552561264796,0.827656806171611,48,545.1818182,119.5510204,31.88,12.01"
"2025-04-14 21:00:00,21,2025-04-14,""ATB"",""CRDS.1"",811.29872994362,438.136132607407,438.761834336796,31.8809950754408,2.41587356728777,2.53133142060314,2.53692570081472,0.126489638418057,0.0802150013051111,1.01709334401175,0.820325061153556,0.818817856515167,47.5,545.1818182,119.5510204,31.88,11.59"
"2025-04-14 22:00:00,22,2025-04-14,""ATB"",""CRDS.1"",739.222547789389,485.898382723111,456.66530198537,24.8832541312389,4.69392549699518,2.25268526001704,1.87235677977315,0.173629525796296,0.0710484242743055,0.973782915797823,0.846704405154204,0.827699327463445,47.5,545.1818182,119.5510204,31.88,11.35"
"2025-04-14 23:00:00,23,2025-04-14,""ATB"",""CRDS.1"",749.86172861937,468.704058451537,456.372368195204,24.6554017878815,3.00132029361074,2.150998766405,1.54776667664889,0.137084652010852,0.0679894572868315,0.973417254410519,0.843706128146778,0.83758612807687,49,545.1818182,119.5510204,31.88,12.2"
"2025-04-15 00:00:00,0,2025-04-15,""ATB"",""CRDS.1"",746.352765209019,504.161655703278,479.39982184337,23.1781461316945,3.48627551985556,2.17569085911556,1.65501006169981,0.121162641494035,0.0730887097930778,0.991610499797333,0.906521661598019,0.871460689832611,49,545.1818182,119.5510204,31.62166667,12.92"
"2025-04-15 01:00:00,1,2025-04-15,""ATB"",""CRDS.1"",640.156789289435,475.184338454592,470.794992540982,14.726148632583,2.5446142013513,2.13909518095037,1.12444612054417,0.134351673483574,0.0773698092996259,1.04013604581148,1.00837683397524,0.972118444417722,48,545.1818182,119.5510204,31.62166667,11.38"
"2025-04-15 02:00:00,2,2025-04-15,""ATB"",""CRDS.1"",673.738594157796,477.05106184763,457.203844779704,17.9387509150257,3.68958793163963,2.10593937349944,1.18354491791996,0.205087695815019,0.0809245803730315,1.10986960833213,1.03568890886167,1.01525730618852,50,545.1818182,119.5510204,31.62166667,11.81"
"2025-04-15 03:00:00,3,2025-04-15,""ATB"",""CRDS.1"",555.487201950139,461.399374348778,454.423465288741,9.63921856326509,2.66117685330518,2.13345530064111,0.676501024199278,0.136501590157019,0.0755011191495926,1.10227757256158,1.08307731879888,1.06748378167888,50,545.1818182,119.5510204,31.62166667,12.43"
"2025-04-15 04:00:00,4,2025-04-15,""ATB"",""CRDS.1"",650.602507989945,485.621871059037,451.752136610796,16.8855787633563,2.85842646769204,2.13426954643333,1.01653100605822,0.15360330999863,0.087461976078637,1.18478274972732,1.14073730773185,1.13016168844889,50.5,545.1818182,119.5510204,31.62166667,12.06"
"2025-04-15 05:00:00,5,2025-04-15,""ATB"",""CRDS.1"",640.793188424732,494.921067784314,445.468946665537,16.9754968283102,3.1102678243313,2.07394911210908,1.19040083517731,0.157202923070703,0.0982969535920777,1.2115282102626,1.15665880472426,1.15066544129333,54.25,545.1818182,119.5510204,31.62166667,16.18"
"2025-04-15 06:00:00,6,2025-04-15,""ATB"",""CRDS.1"",784.777965905824,471.322944612759,445.757334173481,32.0126368558111,2.64764309633704,2.06618339811592,1.56818951631667,0.137856043446963,0.10375238509555,1.23109141683315,1.14882152656297,1.1445620099887,51,545.1818182,119.5510204,31.62166667,19.98"
"2025-04-15 07:00:00,7,2025-04-15,""ATB"",""CRDS.1"",789.732768805037,467.677566184537,438.693123430815,33.187970241988,2.30542892632426,2.07803885605166,1.8115677604225,0.14301515851913,0.116723004604211,1.26719348538056,1.19591886054981,1.18362038430778,50.25,545.1818182,119.5510204,31.62166667,22.18"
"2025-04-15 08:00:00,8,2025-04-15,""ATB"",""CRDS.1"",669.982353846315,434.714796931667,434.144327779815,22.5460140888741,2.15767604889759,2.06117938712222,1.6108781817075,0.12860281642374,0.121934176398946,1.3115756566337,1.21760596744351,1.22824014586185,49,545.1818182,119.5510204,31.62166667,24.37"
"2025-04-15 09:00:00,9,2025-04-15,""ATB"",""CRDS.1"",639.751387298778,430.824837791,429.942585870871,20.6144963355926,2.06285569878852,2.05270856063815,1.74168645407398,0.120874419736296,0.110423285428952,1.33848852777426,1.23093691252815,1.24981845424925,51.75,545.1818182,119.5510204,31.62166667,24.64"
"2025-04-15 10:00:00,10,2025-04-15,""ATB"",""CRDS.1"",583.726129452778,427.314013418982,427.922375720828,15.3982920108066,2.16340553318074,2.048608414924,1.42935527575953,0.121462365829846,0.110760911662371,1.36130352495398,1.27180181913814,1.28632714186989,52,545.1818182,119.5510204,31.62166667,23.44"
"2025-04-15 12:00:00,11,2025-04-15,""ATB"",""CRDS.1"",559.874125627797,NA,423.254042629444,13.8446992511437,NA,2.06330439176667,1.2815086407863,NA,0.0885810440534333,1.36543709346741,NA,1.23946788325074,52,545.1818182,119.5510204,31.62166667,21.82"
"2025-04-08 12:00:00,12,2025-04-08,""LUFA"",""CRDS.3"",535.532988621046,430.29486008437,429.519646246093,12.210147893131,2.03740456444741,2.15240571053981,0.7466195378175,0.0319203346221556,0.0378181904009259,0.635341240609176,0.567628451804593,0.575472755816407,42.5,545.1818182,119.5510204,30.06491228,18.21"
"2025-04-08 13:00:00,13,2025-04-08,""LUFA"",""CRDS.3"",539.333653321435,431.043706690074,428.368643566667,12.0817033868458,2.33393981094556,2.17173398393667,0.740592998076629,0.0545337429778,0.0338910290089982,0.616148409286482,0.535657968320037,0.547090137624018,43,545.1818182,119.5510204,30.06491228,18.67"
"2025-04-08 14:00:00,14,2025-04-08,""LUFA"",""CRDS.3"",555.773535667185,437.495493385352,442.859807801593,13.8421669236089,2.82778608934519,3.41840919289778,0.854954331438472,0.0773700017200852,0.105145787949013,0.611534853523111,0.509968474553556,0.54026512714613,40.5,545.1818182,119.5510204,30.06491228,14.42333333"
"2025-04-08 15:00:00,15,2025-04-08,""LUFA"",""CRDS.3"",515.694504161926,435.413844970018,426.142939450093,10.0117701658476,2.73490824796445,2.0540917854787,0.815868520630787,0.0759447443894481,0.0287541384148037,0.591481287538185,0.518587686830075,0.542045212750834,43,545.1818182,119.5510204,30.06491228,14.64583333"
"2025-04-08 16:00:00,16,2025-04-08,""LUFA"",""CRDS.3"",587.165476426092,436.606439949593,424.733754314444,16.6541865490074,3.10607043778389,2.14679828084741,0.904139508265286,0.0820332500374148,0.03941098934295,0.631038310753537,0.531392178772834,0.531081261748389,45,545.1818182,119.5510204,30.06491228,15.29916667"
"2025-04-08 17:00:00,17,2025-04-08,""LUFA"",""CRDS.3"",602.435912365306,430.681809916371,437.600151447167,17.9194522732865,2.59203618837259,3.16533564343333,1.00152279003193,0.069761113292363,0.0573036404467796,0.614934558956018,0.511950290038129,0.52554785756263,49.25,545.1818182,119.5510204,30.06491228,11.7575"
"2025-04-08 18:00:00,18,2025-04-08,""LUFA"",""CRDS.3"",557.531999238916,431.564348007519,424.665018633759,13.633765678236,2.68843633527537,2.13941813079278,0.945622820693407,0.0550147282072296,0.0271825853322426,0.609241503717528,0.518671546789149,0.528352468782797,42.5,545.1818182,119.5510204,30.06491228,8.716666667"
"2025-04-08 19:00:00,19,2025-04-08,""LUFA"",""CRDS.3"",605.951155288954,432.695544241555,428.493133974815,17.8673023919381,2.68852839790407,2.02215144267111,0.882057767356676,0.0767483584847296,0.024987228486924,0.660397191647055,0.564089773705277,0.575887071655167,44.75,545.1818182,119.5510204,30.06491228,8.058333333"
"2025-04-08 20:00:00,20,2025-04-08,""LUFA"",""CRDS.3"",686.131670118379,460.716011059537,462.360926424981,23.9064524778192,4.66425566054667,4.44224486659166,1.48706470319908,0.118561478896822,0.122904000038161,0.678927783133676,0.569589315848685,0.568053435733796,44.25,545.1818182,119.5510204,30.06491228,7.235"
"2025-04-08 21:00:00,21,2025-04-08,""LUFA"",""CRDS.3"",581.093803347259,439.665491754,438.125554635426,13.5834727202371,2.5691410916663,2.69983193808056,1.21506343013426,0.0434834033281907,0.0665964307984111,0.640287585609565,0.566328183936833,0.558714051431611,48.5,545.1818182,119.5510204,30.06491228,6.799166667"
"2025-04-08 22:00:00,22,2025-04-08,""LUFA"",""CRDS.3"",630.306719522343,443.836507091556,460.533208026722,16.6657416996316,2.36196043681204,3.61366670112796,1.27892208374825,0.0346241934247408,0.130893662167533,0.67708034555188,0.588495458382963,0.607753203066297,53.75,545.1818182,119.5510204,30.06491228,6.248333333"
"2025-04-08 23:00:00,23,2025-04-08,""LUFA"",""CRDS.3"",700.143792464509,447.068668407796,465.221771951556,20.3733330848899,2.08618329072037,2.11520615094611,1.1757532926433,0.0347415243003481,0.0324203441192704,0.716861564304296,0.597378485278907,0.627059983492463,52.5,545.1818182,119.5510204,30.06491228,5.838333333"
"2025-04-09 00:00:00,0,2025-04-09,""LUFA"",""CRDS.3"",688.586589258463,445.833752844852,443.106658376092,21.9222895338324,2.30962756223389,2.03625975039981,1.04602911160037,0.0572990399773907,0.0276351734463703,0.71114397146838,0.596674568834203,0.607821106118852,51.25,545.1818182,119.5510204,30.91034483,5.329166667"
"2025-04-09 01:00:00,1,2025-04-09,""LUFA"",""CRDS.3"",708.579800783722,450.603700883908,440.471084726444,23.3163832048195,2.7110426547587,2.03201056756019,1.21436598184149,0.0916239090648646,0.0270185316668482,0.680200151037935,0.565084998481407,0.560506623883537,55,545.1818182,119.5510204,30.91034483,6.3125"
"2025-04-09 02:00:00,2,2025-04-09,""LUFA"",""CRDS.3"",712.166414891592,442.320311438019,440.934558166703,22.963791343287,2.17266621061352,2.04485945470481,1.37591977634491,0.0308099228738611,0.0275275473439408,0.68069562232737,0.558839523992352,0.561730697817241,56.25,545.1818182,119.5510204,30.91034483,5.664166667"
"2025-04-09 03:00:00,3,2025-04-09,""LUFA"",""CRDS.3"",676.54879799088,438.109950250167,446.384983300741,20.3641959899037,2.061264852695,2.67747860606741,1.33763403488213,0.026579337548487,0.0362367257422056,0.644368992095667,0.520500817121037,0.535548365316259,56.75,545.1818182,119.5510204,30.91034483,4.918333333"
"2025-04-09 04:00:00,4,2025-04-09,""LUFA"",""CRDS.3"",570.975950860509,445.793709862519,453.410590106815,11.597155230469,2.11143989636055,2.52760247809111,1.03686914786559,0.0276389514664204,0.0549961648462574,0.610939308499602,0.555685422715,0.548750101416519,55.5,545.1818182,119.5510204,30.91034483,5.118333333"
"2025-04-09 05:00:00,5,2025-04-09,""LUFA"",""CRDS.3"",642.930523273389,460.67632660113,452.398895334426,17.1268684382393,2.44008178600593,2.03092470553963,1.07180003004438,0.0659264580112444,0.0313488729110908,0.660087830341759,0.578665540263519,0.582961198982796,50.25,545.1818182,119.5510204,30.91034483,5.488333333"
"2025-04-09 06:00:00,6,2025-04-09,""LUFA"",""CRDS.3"",615.755679678398,444.509161792889,458.296549972649,16.0624524807602,2.0826231061076,2.63470418032278,0.94158045804826,0.0300666818363667,0.0510444771658944,0.628761223405537,0.569887684252778,0.568677258947111,52.75,545.1818182,119.5510204,30.91034483,6.308333333"
"2025-04-09 07:00:00,7,2025-04-09,""LUFA"",""CRDS.3"",601.524198139787,451.190652564759,454.315021529185,15.0543412694239,2.23427912218648,2.58631568167981,0.92835287852001,0.0311636835272315,0.0562131562025407,0.646222276302815,0.601224862135148,0.590405086043037,49.5,545.1818182,119.5510204,30.91034483,10.42166667"
"2025-04-09 08:00:00,8,2025-04-09,""LUFA"",""CRDS.3"",651.632240396731,457.705871772593,458.77125630924,19.0262768831046,2.4166963020713,2.34752986806203,1.08754722696488,0.0383988738763426,0.0424324141674,0.708304711192787,0.657408822140185,0.658160647821315,46.5,545.1818182,119.5510204,30.91034483,17.73166667"
"2025-04-09 09:00:00,9,2025-04-09,""LUFA"",""CRDS.3"",577.420395574713,445.98877442763,453.657191018185,13.8951777414109,2.2871930999787,3.07569835470018,0.925739277585454,0.0459848623906314,0.087058122585387,0.745931003340648,0.717119455049704,0.702734694748574,47,545.1818182,119.5510204,30.91034483,18.70583333"
"2025-04-09 10:00:00,10,2025-04-09,""LUFA"",""CRDS.3"",549.937111550593,432.888671486925,450.899996108167,12.2176613885607,2.18611697866833,3.42025692084944,0.852546954530696,0.0556058715279018,0.154067635712289,0.820347972659768,0.744540206931259,0.777765427612277,44.5,545.1818182,119.5510204,30.91034483,18.5175"
"2025-04-09 11:00:00,11,2025-04-09,""LUFA"",""CRDS.3"",537.481850034611,428.342581195889,437.568357929149,12.0703923591033,2.33017007474944,3.17107624652871,0.836738171788278,0.0636570802700463,0.126864708358454,0.717929077924037,0.592533494472093,0.63623856802113,47.25,545.1818182,119.5510204,30.91034483,17.63833333"
"2025-04-09 12:00:00,12,2025-04-09,""LUFA"",""CRDS.3"",539.78098013326,428.760103933556,433.514584842611,12.2419363184309,2.57037462186815,3.16675014895611,1.02974340640313,0.0688384400798981,0.0875981265341965,0.68124723159312,0.600375318556851,0.606873858517537,48.75,545.1818182,119.5510204,30.91034483,17.0975"
"2025-04-09 13:00:00,13,2025-04-09,""LUFA"",""CRDS.3"",524.193056707796,426.293728088518,429.541982996612,10.9542207960923,2.34154619135741,2.85318972378592,0.962424597442833,0.0420221778334519,0.0785186533184796,0.695493094637731,0.590065790688333,0.623143056152555,46.75,545.1818182,119.5510204,30.91034483,15.97083333"
"2025-04-09 14:00:00,14,2025-04-09,""LUFA"",""CRDS.3"",508.918569138815,428.714408788185,427.521456571982,9.90354198288215,2.61240943671519,2.57807108418648,1.04878666061441,0.0655293558486759,0.0590200570967074,0.685264028878667,0.610206361895981,0.617628170558259,42.25,545.1818182,119.5510204,30.91034483,15.15083333"
"2025-04-09 15:00:00,15,2025-04-09,""LUFA"",""CRDS.3"",526.063545927324,428.415557663889,440.28666933187,11.3594113822781,2.60898649738907,3.75568415015518,0.9822209060725,0.0661106861852814,0.122499612853846,0.691916040617898,0.608907813536278,0.637724388405944,42.25,545.1818182,119.5510204,30.91034483,14.99666667"
"2025-04-09 16:00:00,16,2025-04-09,""LUFA"",""CRDS.3"",519.59760161863,425.414144773278,445.871993040888,10.4318325564863,2.31673840699148,4.45992634417611,0.975305061677759,0.0538404955653667,0.156116226689467,0.717915304928361,0.633983966564444,0.670086776512426,43.5,545.1818182,119.5510204,30.91034483,13.51416667"
"2025-04-09 17:00:00,17,2025-04-09,""LUFA"",""CRDS.3"",539.355980123287,432.16083376363,431.910304038519,12.5615888693996,2.97232285503759,3.29287921101574,0.946949034580397,0.0753140227151167,0.088348922454163,0.742273570729481,0.6864074251085,0.682199780893574,46.25,545.1818182,119.5510204,30.91034483,12.0975"
"2025-04-09 18:00:00,18,2025-04-09,""LUFA"",""CRDS.3"",558.29609043551,430.751651112556,435.847425713574,13.8054911253699,2.94290136818667,3.71774015829723,1.05248094057609,0.0611840393373111,0.0862173882963296,0.755848113810324,0.681580851033019,0.697013649219907,46.75,545.1818182,119.5510204,30.91034483,10.41083333"
"2025-04-09 19:00:00,19,2025-04-09,""LUFA"",""CRDS.3"",582.701220623074,433.76174684137,436.13873596487,16.0720311488787,3.1030495301563,3.68408591893,1.17797043371491,0.0707053070230685,0.085854201660913,0.767070491773907,0.689072186419555,0.699800951334074,45.75,545.1818182,119.5510204,30.91034483,8.985"
"2025-04-09 20:00:00,20,2025-04-09,""LUFA"",""CRDS.3"",554.627670701852,427.201196765334,450.238813597278,13.4782483673152,2.34924571287148,4.71916545155907,1.13455274970192,0.0552985787864926,0.144021445622689,0.796683439234732,0.723996181671944,0.750923865034074,47.5,545.1818182,119.5510204,30.91034483,7.58"
"2025-04-09 21:00:00,21,2025-04-09,""LUFA"",""CRDS.3"",541.337926408222,427.293831041481,439.212911360297,12.4966667461313,2.33034585287037,3.64415315391963,1.01274101579814,0.0629335358879982,0.103844639041402,0.828702295483065,0.782087717329592,0.793244641103314,47.75,545.1818182,119.5510204,30.91034483,6.568333333"
"2025-04-09 22:00:00,22,2025-04-09,""LUFA"",""CRDS.3"",539.086765392315,425.969729023111,447.048813098296,11.6098341533994,2.18595121592075,4.32391009305407,0.969705624915231,0.0494885395961703,0.143985441383813,0.798847103333722,0.756643440113612,0.757683003722315,48.25,545.1818182,119.5510204,30.91034483,5.710833333"
"2025-04-09 23:00:00,23,2025-04-09,""LUFA"",""CRDS.3"",531.891235889,427.442283194333,463.708074692629,10.8545480850164,2.14305968628315,5.36305415074315,0.974233167843834,0.0437393538444482,0.168102348792889,0.780388996865852,0.740305859865648,0.752176938082797,49.5,545.1818182,119.5510204,30.91034483,5.425"
"2025-04-10 00:00:00,0,2025-04-10,""LUFA"",""CRDS.3"",562.535357880407,432.01116187,472.811913865037,12.971584879365,2.32313193445352,5.93500852942889,0.923950251375093,0.0472466780299129,0.207994100804852,0.772534537191454,0.727383847233056,0.740313180198556,56.6,545.1818182,119.5510204,31.315,4.9"
"2025-04-10 01:00:00,1,2025-04-10,""LUFA"",""CRDS.3"",541.908331459815,435.736523540259,465.863728852796,11.0187650245504,2.48810835957704,5.14179138084778,0.909222872651028,0.0560139007167963,0.196222554652092,0.778438408901805,0.73779709413237,0.754001073974426,56.75,545.1818182,119.5510204,31.315,5.066666667"
"2025-04-10 02:00:00,2,2025-04-10,""LUFA"",""CRDS.3"",535.200432475926,437.077644104272,470.845306520537,10.6042114946455,2.46512759299889,5.42289557669945,0.816554051195695,0.0541301513470235,0.221479673550723,0.777369342435583,0.742710132636889,0.759368904506055,56.75,545.1818182,119.5510204,31.315,5.486666667"
"2025-04-10 03:00:00,3,2025-04-10,""LUFA"",""CRDS.3"",549.267209014685,434.122006506925,465.731652308093,11.5187576940608,2.22602980057685,4.99379660713944,0.909306214894685,0.0569004844610074,0.182025541649944,0.789888633628278,0.760587929307611,0.766784039307833,57.25,545.1818182,119.5510204,31.315,5.5825"
"2025-04-10 04:00:00,4,2025-04-10,""LUFA"",""CRDS.3"",552.177162593583,433.240878379389,460.503951979926,12.0753814271419,2.18286308798666,4.95345959928408,0.867999183089454,0.0522626682214704,0.172489220144074,0.808217710474833,0.773351791637037,0.781309222051759,51.25,545.1818182,119.5510204,31.315,5.5675"
"2025-04-10 05:00:00,5,2025-04-10,""LUFA"",""CRDS.3"",581.676351339481,436.017256245333,447.024480254426,14.89146701705,2.53655101780093,4.28339831964815,1.02939213528397,0.0526152515625666,0.10044367632702,0.822241697240528,0.780339828229408,0.78410766304037,52.25,545.1818182,119.5510204,31.315,6.015833333"
"2025-04-10 06:00:00,6,2025-04-10,""LUFA"",""CRDS.3"",600.954677209407,432.747725166963,454.983773991056,16.973054365487,2.26270680596,4.75248904070667,0.918947938773592,0.0509768665009686,0.11592053554217,0.825464985646148,0.778015934039981,0.787451033479111,52.25,545.1818182,119.5510204,31.315,6.741666667"
"2025-04-10 07:00:00,7,2025-04-10,""LUFA"",""CRDS.3"",580.365903491611,434.032741690556,457.063430009018,14.9918927938028,2.50098475043314,4.88725397155481,0.964296076528027,0.0539816985443981,0.114354207293604,0.819824236163241,0.769063307068019,0.780078785201963,51.75,545.1818182,119.5510204,31.315,7.99"
"2025-04-10 08:00:00,8,2025-04-10,""LUFA"",""CRDS.3"",561.612033188306,429.667878535111,450.480173447722,13.7496857403869,2.2001375954476,4.18574456036259,0.966676048724824,0.0508933638597833,0.111883846955304,0.790756198677796,0.743881855252092,0.753872950645148,52.75,545.1818182,119.5510204,31.315,8.808333333"
"2025-04-10 09:00:00,9,2025-04-10,""LUFA"",""CRDS.3"",566.177558552028,428.083312630556,434.556190874186,13.9829068669138,2.12811046306407,2.87170145597204,1.00035153097506,0.0659999134251815,0.0938144212904798,0.798483260010361,0.734715917769556,0.742107036144167,46.5,545.1818182,119.5510204,31.315,10.09666667"
"2025-04-10 10:00:00,10,2025-04-10,""LUFA"",""CRDS.3"",534.24640174688,430.012966633685,435.956799133926,11.33159607128,2.27715903784889,3.04812135344074,0.944557886868501,0.0501911110479667,0.0799877821925186,0.796271935390861,0.743988484395129,0.750351875832389,46,545.1818182,119.5510204,31.315,13.65166667"
"2025-04-10 11:00:00,11,2025-04-10,""LUFA"",""CRDS.3"",539.134365397055,434.524875769796,449.48630429076,12.073525877065,2.834578088235,4.44869569643148,0.891625416811315,0.0591797532457778,0.153457246714278,0.816996186807426,0.762783965278333,0.781080598554315,47.25,545.1818182,119.5510204,31.315,14.71083333"
"2025-04-10 12:00:00,12,2025-04-10,""LUFA"",""CRDS.3"",510.877756915046,428.24628340213,444.498092198463,9.75773738344055,2.21245275658333,3.81565159213649,0.916310209321972,0.0571509461853889,0.147273546152222,0.823320172842333,0.779892253648222,0.778576405990426,45.25,545.1818182,119.5510204,31.315,16.03083333"
"2025-04-10 13:00:00,13,2025-04-10,""LUFA"",""CRDS.3"",545.967439329972,425.420499276574,449.43287121437,12.9381364195834,2.18945409570574,4.47255094595629,0.983255472959371,0.0511320512367592,0.188368483087963,0.848398789631944,0.784521301559148,0.799550188473074,49.75,545.1818182,119.5510204,31.315,16.76166667"
"2025-04-10 14:00:00,14,2025-04-10,""LUFA"",""CRDS.3"",509.844433174584,424.356686488,444.624618210167,9.96611460056456,2.27660078138463,3.95215548080074,0.823575968971917,0.0550676173787982,0.164316703978297,0.852350349888,0.793885848593129,0.805678638863667,47,545.1818182,119.5510204,31.315,15.39166667"
"2025-04-10 15:00:00,15,2025-04-10,""LUFA"",""CRDS.3"",511.43946375838,423.186638700686,440.542522275019,9.9962663307163,2.21227982105815,3.98173816199093,0.890324459337638,0.0529518025760019,0.19202525488187,0.863239874846315,0.785170581663278,0.82962370084137,49.5,545.1818182,119.5510204,31.315,16.50583333"
"2025-04-10 16:00:00,16,2025-04-10,""LUFA"",""CRDS.3"",508.555540179009,420.8314733165,442.397870854518,9.97127385159886,2.16110241324537,4.30289596337907,1.01743755258801,0.0560748694616204,0.190218390753166,0.876467481302352,0.815056641619315,0.818951756897426,48.5,545.1818182,119.5510204,31.315,15.40583333"
"2025-04-10 17:00:00,17,2025-04-10,""LUFA"",""CRDS.3"",526.079562143352,421.548301077797,444.217601996055,11.4386645091776,2.27216599554129,4.29355619853871,1.31797332020055,0.0556481969176426,0.191762117504203,0.8718527345075,0.808953722918185,0.821093607146351,48.5,545.1818182,119.5510204,31.315,12.99083333"
"2025-04-10 18:00:00,18,2025-04-10,""LUFA"",""CRDS.3"",552.790857025166,421.550498642963,453.250243351093,15.2806192080135,2.21138518685204,5.02006819266389,1.21993037398558,0.0579846108158093,0.216351410058685,0.858421370269713,0.784179815222759,0.805191471142722,50,545.1818182,119.5510204,31.315,10.65166667"
"2025-04-10 19:00:00,19,2025-04-10,""LUFA"",""CRDS.3"",532.182148358371,424.626209013815,459.342184756704,11.1901985740975,2.25697261836148,5.20614960804797,0.873238259491918,0.0606048903300278,0.254648839435796,0.835879658631417,0.781985261966648,0.812288313485241,53,545.1818182,119.5510204,31.315,8.799166667"
"2025-04-10 20:00:00,20,2025-04-10,""LUFA"",""CRDS.3"",525.172445474944,427.126769380296,456.702544533463,10.3506771208602,2.17992533470944,4.65383878284333,0.825413294452629,0.0443475408540278,0.237274731222907,0.839386686061481,0.795879355391944,0.813269140415203,50.25,545.1818182,119.5510204,31.315,7.319166667"
"2025-04-10 21:00:00,21,2025-04-10,""LUFA"",""CRDS.3"",502.846339825546,430.127623741334,452.574334884593,8.18251196579417,2.20838333008593,4.13455734659889,0.714943265205028,0.0459762085065556,0.213050152640426,0.817414478512685,0.786375329301315,0.802311219180593,49.25,545.1818182,119.5510204,31.315,7.268333333"
"2025-04-10 22:00:00,22,2025-04-10,""LUFA"",""CRDS.3"",471.139071933083,429.890083517537,449.623139602111,5.56395779535574,2.12677063004482,3.78610753890833,0.537381735997694,0.0371018723001907,0.159429787688204,0.794169943216565,0.777708923704037,0.787218221107537,50.25,545.1818182,119.5510204,31.315,7.165"
"2025-04-10 23:00:00,23,2025-04-10,""LUFA"",""CRDS.3"",467.46896231762,429.349785116296,449.600001497796,5.19385025465306,2.12287765064247,3.81139798310574,0.560299117579556,0.0365959268477988,0.1624721369745,0.790419570868991,0.771008840511827,0.782355002298519,49,545.1818182,119.5510204,31.315,7.190833333"
"2025-04-11 00:00:00,0,2025-04-11,""LUFA"",""CRDS.3"",477.438075683426,429.663558147074,454.842763701611,5.89019359735324,2.11630584403519,3.90171037233833,0.551805552808093,0.0374107652949611,0.172429870703204,0.789488811965333,0.770326402967481,0.783296290051907,49,545.1818182,119.5510204,31.21864407,6.895833333"
"2025-04-11 01:00:00,1,2025-04-11,""LUFA"",""CRDS.3"",491.886388295879,430.490349737944,455.737439519648,7.24211822067389,2.15448954435796,4.22058074445315,0.595330927399435,0.0429833753820241,0.195316724587851,0.811013080284565,0.794699108966296,0.800817139177204,47.4,545.1818182,119.5510204,31.21864407,6.143333333"
"2025-04-11 02:00:00,2,2025-04-11,""LUFA"",""CRDS.3"",493.094807949722,430.517449953777,453.297623424852,7.24934136257426,2.28098772966333,4.26716079859519,0.659004429861213,0.0496098554343685,0.204674648228852,0.826719890062185,0.797771195406852,0.815994748561704,48.75,545.1818182,119.5510204,31.21864407,5.969166667"
"2025-04-11 03:00:00,3,2025-04-11,""LUFA"",""CRDS.3"",495.592070268667,428.608228310444,448.754349667666,7.69773759881009,2.1598574033963,3.73240374600315,0.695770724753843,0.0423868064331815,0.138336454783606,0.780816252681333,0.742729133582259,0.760036510001519,50.75,545.1818182,119.5510204,31.21864407,6.251666667"
"2025-04-11 04:00:00,4,2025-04-11,""LUFA"",""CRDS.3"",504.367699879454,430.389302668481,448.975482549389,7.95558442708268,2.21635128493611,3.67384494414129,0.695232361026111,0.0438597128627334,0.157763013974018,0.772402667371194,0.747393674149186,0.75224956414537,54,545.1818182,119.5510204,31.21864407,6.549166667"
"2025-04-11 05:00:00,5,2025-04-11,""LUFA"",""CRDS.3"",516.248237087537,430.005503119074,448.586866280686,8.99837279466323,2.19997516247926,3.70869501147296,0.712359594803167,0.0490541201428741,0.148100815212371,0.788543107755176,0.758041299769556,0.76500484038737,51,545.1818182,119.5510204,31.21864407,7.038333333"
"2025-04-11 06:00:00,6,2025-04-11,""LUFA"",""CRDS.3"",545.497946331296,429.879218445796,454.994052235426,12.1464387472713,2.23456145309575,4.39081652360352,0.74127015844588,0.0506399454999333,0.14943182113563,0.805109304477657,0.772519257710537,0.779246671660371,51.5,545.1818182,119.5510204,31.21864407,8.2375"
"2025-04-11 07:00:00,7,2025-04-11,""LUFA"",""CRDS.3"",534.638227004805,428.929061110593,451.554502481944,12.1892862236817,2.28958066751908,4.1346966630924,0.783263166563213,0.0534033625327926,0.146005085039685,0.818321565541019,0.789282318373204,0.794498208251889,52.5,545.1818182,119.5510204,31.21864407,11.62166667"
"2025-04-11 08:00:00,8,2025-04-11,""LUFA"",""CRDS.3"",517.370207264482,426.537248880815,447.497154047889,10.2687979004647,2.23196634883407,4.13129336506426,0.769281140603528,0.0547802813306481,0.176974412592185,0.835165365616917,0.806357887763259,0.812034040838703,53,545.1818182,119.5510204,31.21864407,14.85916667"
"2025-04-11 09:00:00,9,2025-04-11,""LUFA"",""CRDS.3"",503.46488411763,425.695417059555,442.310464011223,9.04797224446778,2.2471270253163,3.8608086069613,0.812045685527759,0.0560421213030722,0.163488077377314,0.853817812285944,0.816167232503537,0.824386218396333,48.5,545.1818182,119.5510204,31.21864407,15.85666667"
"2025-04-11 10:00:00,10,2025-04-11,""LUFA"",""CRDS.3"",505.412317989157,424.250002130407,442.113079396203,10.1426987043102,2.20855430401611,4.02874275170222,0.803223066016639,0.0553035970743537,0.167750422433241,0.868297983304778,0.821852014612796,0.829230299358426,45.5,545.1818182,119.5510204,31.21864407,12.95166667"
"2025-04-11 11:00:00,11,2025-04-11,""LUFA"",""CRDS.3"",530.154136495444,422.140758559278,441.241290783611,12.2001393897086,2.1526241405113,4.46674353641389,0.881240539788037,0.0616417315226963,0.168260360310129,0.873437572495648,0.8141993282215,0.823198304746074,46,545.1818182,119.5510204,31.21864407,12.64833333"
"2025-04-11 12:00:00,12,2025-04-11,""LUFA"",""CRDS.3"",531.33688288701,422.2045688395,444.650737942056,12.186513118052,2.23997268382,4.37420625246648,0.960348412336815,0.0558877708797278,0.165128818674407,0.876021310058324,0.822026297554166,0.837445958384166,45.5,545.1818182,119.5510204,31.21864407,13.685"
"2025-04-11 13:00:00,13,2025-04-11,""LUFA"",""CRDS.3"",513.215387799815,421.490433174222,438.16336441087,10.4353246399581,2.18465967663741,3.751186818735,0.983223788078251,0.0533612056408796,0.141501534222493,0.87762752727663,0.827025478861019,0.83879721680424,43.25,545.1818182,119.5510204,31.21864407,16.23666667"
"2025-04-11 14:00:00,14,2025-04-11,""LUFA"",""CRDS.3"",527.243545116278,422.618558361389,445.766950581926,11.5179189767497,2.38996882543574,4.47144969159056,0.990840361070797,0.0531067024483333,0.188091063775259,0.899069441747158,0.850331704908222,0.863189132488555,47,545.1818182,119.5510204,31.21864407,17.26"
"2025-04-11 15:00:00,15,2025-04-11,""LUFA"",""CRDS.3"",519.769884688518,420.85720473776,439.081302911018,10.8940828287166,2.25116271693833,4.08332540747981,1.03825024469929,0.0537892809061241,0.170743901219944,0.904496007216648,0.843131739004444,0.855518616490926,45.25,545.1818182,119.5510204,31.21864407,16.01916667"
"2025-04-11 16:00:00,16,2025-04-11,""LUFA"",""CRDS.3"",531.701221365222,419.238059456777,428.556538944037,12.0528324132979,2.23150537793185,3.16959376587037,1.24372894175745,0.0580938815750852,0.119801397577526,0.930640661259972,0.847047193318796,0.855053567620444,45.25,545.1818182,119.5510204,31.21864407,15.745"
"2025-04-11 17:00:00,17,2025-04-11,""LUFA"",""CRDS.3"",559.12245432012,424.552370347481,429.202192666203,14.2795493483387,2.72691855175352,3.33246813621259,1.46869670604518,0.0730953734653648,0.121636074863702,0.931908574536,0.835955404884334,0.852852296580463,46.75,545.1818182,119.5510204,31.21864407,14.79166667"
"2025-04-11 18:00:00,18,2025-04-11,""LUFA"",""CRDS.3"",649.170332912148,423.6731608655,448.447395906648,21.5638209536556,2.6036247376463,5.20813441612704,2.03457757177704,0.0678685672810815,0.208094289589907,0.976047639812,0.850150532792741,0.875488158562222,47.5,545.1818182,119.5510204,31.21864407,13.53833333"
"2025-04-11 19:00:00,19,2025-04-11,""LUFA"",""CRDS.3"",667.405116459056,423.667075751963,478.657836513833,23.0311936078482,2.31028925862426,6.76489722006389,1.88936734780926,0.0687140714818592,0.363748652870592,0.987982589192426,0.871753950312629,0.901083196613574,47,545.1818182,119.5510204,31.21864407,13.01083333"
"2025-04-11 20:00:00,20,2025-04-11,""LUFA"",""CRDS.3"",622.118949729417,434.294997511463,484.994729338481,17.5691490348889,2.68513979558871,6.60985510063222,1.5326839653813,0.0908959337625498,0.317710737949889,0.982076705874389,0.892647630927889,0.920444328311093,45.5,545.1818182,119.5510204,31.21864407,12.75916667"
"2025-04-11 21:00:00,21,2025-04-11,""LUFA"",""CRDS.3"",642.836444181324,439.601254079666,493.820114089963,19.0380916999935,2.90946515984037,7.03081050856537,1.51974297931389,0.107565046691778,0.341608417697129,1.00111555427762,0.914316160459815,0.940516697864389,47.75,545.1818182,119.5510204,31.21864407,12.80833333"
"2025-04-11 22:00:00,22,2025-04-11,""LUFA"",""CRDS.3"",590.780035813454,443.71924993037,505.901794044352,14.1616651973468,2.95050901108407,7.94543884128944,1.23493076194096,0.124740860125539,0.399839727775278,1.00473523091311,0.937108333423482,0.966586634637445,48,545.1818182,119.5510204,31.21864407,11.15333333"
"2025-04-11 23:00:00,23,2025-04-11,""LUFA"",""CRDS.3"",577.610050632333,434.308376253463,468.160376898111,14.0057301599565,2.47221463881593,5.82528846505481,1.37248632525333,0.093219233481561,0.216926910844148,1.04195247849602,0.969483414209926,0.995255368525592,45.5,545.1818182,119.5510204,31.21864407,9.908333333"
"2025-04-12 00:00:00,0,2025-04-12,""LUFA"",""CRDS.3"",646.545853724,435.493841115445,446.080240265018,19.5454563411889,2.77259543518259,4.26329488534314,1.5765138441737,0.0822608176216315,0.135121626335704,1.08541152416741,0.993514525549627,1.01616465361426,44.75,545.1818182,119.5510204,31.28305085,8.869166667"
"2025-04-12 01:00:00,1,2025-04-12,""LUFA"",""CRDS.3"",639.31807670112,433.343702878592,449.679113359611,18.5958027998204,2.43350145616593,4.46676579672982,1.6707207756887,0.0772928853410371,0.148293711900426,1.06934310089241,1.01175371851056,1.01438950351519,48.2,545.1818182,119.5510204,31.28305085,7.8525"
"2025-04-12 02:00:00,2,2025-04-12,""LUFA"",""CRDS.3"",604.034434894,438.758424774777,450.650354979148,15.2989716793769,2.22139866727519,4.33978881160796,1.49663244462324,0.0729989675837741,0.155559035029371,1.04358800059306,0.962523936133815,1.01286631931204,50.5,545.1818182,119.5510204,31.28305085,8.175833333"
"2025-04-12 03:00:00,3,2025-04-12,""LUFA"",""CRDS.3"",584.024929636204,439.267695662963,469.407343964963,13.5406592950784,2.3045294462663,5.05907154844537,1.37892647199602,0.0709185149260722,0.242937568686074,1.02063252249138,0.953532843339648,0.99152791957715,45.75,545.1818182,119.5510204,31.28305085,8.700833333"
"2025-04-12 04:00:00,4,2025-04-12,""LUFA"",""CRDS.3"",589.972453411815,438.226717613555,452.779619386704,13.9045436299292,2.27474673412445,3.13166100806222,1.33561679089565,0.0835845378666852,0.156308047907426,1.0309352789449,1.05337463741259,1.00165365560104,52.25,545.1818182,119.5510204,31.28305085,8.885"
"2025-04-12 05:00:00,5,2025-04-12,""LUFA"",""CRDS.3"",587.109335459694,439.28975253613,440.913963143445,13.5582479053968,2.06354171905814,2.30753228012963,1.14855729600625,0.0699258355550426,0.108229590996454,1.05076174855333,1.01615355851778,1.0153617737787,48.25,545.1818182,119.5510204,31.28305085,9.3125"
"2025-04-12 06:00:00,6,2025-04-12,""LUFA"",""CRDS.3"",609.671299006769,441.942565815667,455.837555425703,17.5274066358139,2.20965051402371,3.46782649870908,1.07686239032196,0.0644715804982944,0.141536921562685,1.0632578817187,1.02613177694463,1.03024583324852,47.75,545.1818182,119.5510204,31.28305085,9.8525"
"2025-04-12 07:00:00,7,2025-04-12,""LUFA"",""CRDS.3"",622.407313616537,440.453027027444,478.729139967907,18.3782125852778,2.39175445309111,5.71160975125296,1.10729062814046,0.0868392309835352,0.232797702876463,1.07284645232537,1.01671507682645,1.03444194314334,49.25,545.1818182,119.5510204,31.28305085,10.31833333"
"2025-04-12 08:00:00,8,2025-04-12,""LUFA"",""CRDS.3"",579.589690110676,431.684132513611,468.005919101111,14.6238231941458,2.29088699872741,5.469484212715,1.13571266513093,0.0784555229184055,0.218988591254351,1.06564955445871,0.998120722547183,1.02149191539852,50.25,545.1818182,119.5510204,31.28305085,10.82833333"
"2025-04-12 09:00:00,9,2025-04-12,""LUFA"",""CRDS.3"",595.476257718324,432.250392990704,449.808078551629,16.8487593307037,2.41908224358778,4.34726407441129,1.10700299359584,0.0768360032938,0.136820045607056,1.06217722165537,1.00623940836154,1.0137367056892,50.5,545.1818182,119.5510204,31.28305085,13.40166667"
"2025-04-12 10:00:00,10,2025-04-12,""LUFA"",""CRDS.3"",563.99665088963,427.255156840148,439.248607352612,14.3856883746737,2.07879999168037,3.15671194198075,1.09194237345511,0.0647207274135518,0.140074884533944,1.05644124439,1.00162712251702,1.01387932268333,47.5,545.1818182,119.5510204,31.28305085,18.76916667"
"2025-04-12 11:00:00,11,2025-04-12,""LUFA"",""CRDS.3"",543.050774121528,427.687173079167,431.121597157981,12.6067147057717,2.24745530688926,2.47076896187667,0.929160244255029,0.0583599540936555,0.102418768818709,1.04399360046195,0.9695145994295,0.998051460634241,47,545.1818182,119.5510204,31.28305085,19.75583333"
"2025-04-12 12:00:00,12,2025-04-12,""LUFA"",""CRDS.3"",548.651691780352,428.578760850074,424.31999139626,12.8364308357236,2.48537446415926,2.12689233417,1.03884759648569,0.0594736615693908,0.0772703853272018,1.05453174198769,0.96353051607287,0.974569567837111,46.25,545.1818182,119.5510204,31.28305085,21.28583333"
"2025-04-12 13:00:00,13,2025-04-12,""LUFA"",""CRDS.3"",553.197328048704,422.463289522111,422.654971924408,13.0550229303808,2.03693128713574,2.12114404041148,1.39072683431454,0.0588921787944593,0.0740803605691852,1.03994869351407,0.912602451122759,0.949703706236463,46,545.1818182,119.5510204,31.28305085,21.39333333"
"2025-04-12 14:00:00,14,2025-04-12,""LUFA"",""CRDS.3"",529.30977479838,422.823530690222,432.227621173166,11.3398059391319,2.15496323674556,3.04850507449556,1.49068934568065,0.0607206077148519,0.130149055707394,0.972759774562018,0.849536177302574,0.89875166536513,46.5,545.1818182,119.5510204,31.28305085,18.80666667"
"2025-04-12 15:00:00,15,2025-04-12,""LUFA"",""CRDS.3"",545.845828716352,421.993089675648,424.191318511111,12.6587267218366,2.10510864077296,2.39786547957778,1.22861879053627,0.04960900621035,0.066061615510163,0.945577745016389,0.820009233702834,0.839106718893833,44.5,545.1818182,119.5510204,31.28305085,21.35333333"
"2025-04-12 16:00:00,16,2025-04-12,""LUFA"",""CRDS.3"",517.819663747704,422.175307951592,419.918591694333,10.5750756287561,2.24940786353574,2.03543182410482,1.05129717607738,0.0588712052637574,0.0480650386709296,0.92071326086538,0.792695658927518,0.799461752355908,44.75,545.1818182,119.5510204,31.28305085,19.65"
"2025-04-12 17:00:00,17,2025-04-12,""LUFA"",""CRDS.3"",574.390424941926,433.955960972518,419.145733961518,15.2884363074722,3.07786286535408,1.99635543747648,1.24405576861931,0.125290517816148,0.0437528425985722,0.834569551468037,0.695991275788445,0.746398570806704,46.75,545.1818182,119.5510204,31.28305085,15.295"
"2025-04-12 18:00:00,18,2025-04-12,""LUFA"",""CRDS.3"",628.685749304102,440.808794946222,419.945517916204,19.8434788580806,3.97972815795907,1.99378430432666,1.62183795434935,0.230436127719321,0.042871778019276,0.903078390035065,0.773970675113334,0.733159045103963,46.75,545.1818182,119.5510204,31.28305085,12.14916667"
"2025-04-12 19:00:00,19,2025-04-12,""LUFA"",""CRDS.3"",698.587817562213,425.727749835815,419.844610407371,25.6779838214185,2.57062092470462,2.02451191867351,1.56712307952898,0.0829019134963315,0.0511607678667593,0.999054970225555,0.883197673556297,0.874855956719204,47.5,545.1818182,119.5510204,31.28305085,10.58333333"
"2025-04-12 20:00:00,20,2025-04-12,""LUFA"",""CRDS.3"",787.108791165593,439.766427219296,426.680095200315,32.1001450771416,2.9961895154726,1.99920097924852,1.74486892722972,0.0778453174583611,0.0534174893339278,1.03720777660991,0.898248893401815,0.881879264199555,47.25,545.1818182,119.5510204,31.28305085,9.678333333"
"2025-04-12 21:00:00,21,2025-04-12,""LUFA"",""CRDS.3"",783.011686830231,435.909090435741,436.032004721204,30.5566384530148,2.0199978288263,2.0139399644313,1.77083452193639,0.0819827779244926,0.0532676357778481,1.00884703449584,0.867186496480482,0.860345016688334,47.75,545.1818182,119.5510204,31.28305085,8.9425"
"2025-04-12 22:00:00,22,2025-04-12,""LUFA"",""CRDS.3"",753.28934735025,447.687533971981,440.62013216013,26.2856746473454,2.52214632499778,2.00893427531777,1.95089602297824,0.0919794078048556,0.0511108146043315,0.939729958894389,0.81093285843663,0.796423569373574,46.5,545.1818182,119.5510204,31.28305085,8.393333333"
"2025-04-12 23:00:00,23,2025-04-12,""LUFA"",""CRDS.3"",735.014029080574,439.701460431555,438.155680224648,25.1927065847898,2.27603322977833,2.01945642342852,1.64234723023963,0.0691734139796963,0.0498347958543944,0.933636682767185,0.814739096448889,0.835641647813352,45.5,545.1818182,119.5510204,31.28305085,7.313333333"
"2025-04-13 00:00:00,0,2025-04-13,""LUFA"",""CRDS.3"",691.112733381435,440.49061107174,441.280498038278,21.4945178875296,2.17468642595426,2.01972753244963,1.55078158905991,0.0595519923299722,0.0530971762776315,0.943998637233648,0.824947659751574,0.870068570911574,49,545.1818182,119.5510204,31.075,8.0475"
"2025-04-13 01:00:00,1,2025-04-13,""LUFA"",""CRDS.3"",694.029978713843,458.163864681908,457.470195652889,20.6095312220148,2.59135854713778,2.06593616292519,1.42111947126564,0.0778440811602963,0.0515477835141093,0.942570475557991,0.814913455196129,0.865671161774296,49,545.1818182,119.5510204,31.075,7.1225"
"2025-04-13 02:00:00,2,2025-04-13,""LUFA"",""CRDS.3"",645.893529223269,448.610328287111,443.780814767112,17.5075312975825,2.05434258509556,2.03103518867851,1.26762256304209,0.0662167843266852,0.0545206533058148,0.963928082885518,0.814043742910703,0.919727761744185,49.75,545.1818182,119.5510204,31.075,7.5725"
"2025-04-13 03:00:00,3,2025-04-13,""LUFA"",""CRDS.3"",613.920472031676,444.859141217815,446.684023962,14.6545370272945,2.08646868168852,2.03654012016889,0.916724599458926,0.0467072176097593,0.0473227252813759,0.937839972502,0.849178245765944,0.9056901117925,50.25,545.1818182,119.5510204,31.075,8.071666667"
"2025-04-13 04:00:00,4,2025-04-13,""LUFA"",""CRDS.3"",614.778832198454,458.119767456444,449.841543955704,14.0563867774578,2.06037858070963,2.04812279973667,0.924519826448499,0.0428465157134648,0.0459334531090352,0.926703255795,0.817325678512518,0.884599042122278,52.75,545.1818182,119.5510204,31.075,8.995"
"2025-04-13 05:00:00,5,2025-04-13,""LUFA"",""CRDS.3"",595.852748924148,455.739258894074,448.539227377593,13.2974443296895,2.14231840183704,2.06259423528889,1.00858438167267,0.0435421206538704,0.04808860286785,0.923171013068074,0.823284420350278,0.889164320002334,53,545.1818182,119.5510204,31.075,11.76333333"
"2025-04-13 06:00:00,6,2025-04-13,""LUFA"",""CRDS.3"",761.252383048204,451.840810472148,439.727005903685,30.5837687320833,2.10202789026722,2.08526781219333,1.02805958087997,0.0475574378609796,0.0550671389909314,0.980996322319315,0.880657402906019,0.91358907917,51,545.1818182,119.5510204,31.075,16.02"
"2025-04-13 07:00:00,7,2025-04-13,""LUFA"",""CRDS.3"",706.881129378222,449.283426100982,435.578017212592,27.7763037676805,2.28808576687981,2.07520676151204,1.02168498216369,0.0519913293341518,0.05343569014175,0.998372761916775,0.935840614735259,0.920010359972814,49.25,545.1818182,119.5510204,31.075,19.66416667"
"2025-04-13 08:00:00,8,2025-04-13,""LUFA"",""CRDS.3"",654.232619420593,433.595403170112,433.706415468963,22.7501677423166,2.07699290491519,2.21510640158129,1.03025643231525,0.0618028947162796,0.0571566218218556,1.02861214880639,1.13739664999741,0.946427038261074,46.25,545.1818182,119.5510204,31.075,20.4425"
"2025-04-13 09:00:00,9,2025-04-13,""LUFA"",""CRDS.3"",614.01887038474,428.176240691444,428.315811052148,19.1858868261426,2.0664511382463,2.08002532597981,1.22060452689472,0.0748555526074555,0.0677890847548278,1.07266875020296,1.18644511993143,0.974329697160629,49.5,545.1818182,119.5510204,31.075,22.9175"
"2025-04-13 10:00:00,10,2025-04-13,""LUFA"",""CRDS.3"",626.636193772713,426.067270125463,427.043409810741,20.1897632183491,2.0579343669,2.23995579737814,1.82371120513722,0.0702793305173204,0.0848537547617907,1.11052750838176,0.985002469456926,0.996260384322982,46.25,545.1818182,119.5510204,31.075,22.21083333"
"2025-04-13 11:00:00,11,2025-04-13,""LUFA"",""CRDS.3"",566.612262866472,423.94417558363,427.804644330463,14.7075607821876,2.04803285068148,2.6581888365087,1.71997009662537,0.069876699155387,0.0937880207244572,1.11038344552074,0.988321168365482,0.989932375537945,48.25,545.1818182,119.5510204,31.075,23.2575"
"2025-04-13 12:00:00,12,2025-04-13,""LUFA"",""CRDS.3"",573.512377700352,421.58256686863,423.642952740166,15.1602183391583,2.0363733682424,2.388817881645,1.83796640791565,0.0699650187990222,0.0935571576281315,1.12927299293472,1.01185894274098,1.03438667723013,46.75,545.1818182,119.5510204,31.075,23.03416667"
"2025-04-13 13:00:00,13,2025-04-13,""LUFA"",""CRDS.3"",508.248447861037,420.999478194296,421.494155864575,9.44439493746843,2.03353643873852,2.24206209741241,1.34460507831697,0.0668740219957666,0.0962209041313576,1.11516139811833,1.01171641579261,1.04457601711078,47.25,545.1818182,119.5510204,31.075,22.05166667"
"2025-04-13 14:00:00,14,2025-04-13,""LUFA"",""CRDS.3"",505.210376361722,419.672177316568,421.743108905259,9.35321886896027,2.02225136621346,2.294510317375,1.13796252179846,0.0686356822328074,0.101422916597424,1.13651643918417,1.04270801043852,1.07285195788278,50.75,545.1818182,119.5510204,31.075,19.90166667"
"2025-04-13 15:00:00,15,2025-04-13,""LUFA"",""CRDS.3"",510.087888470296,420.712222521389,438.368139993481,9.48872779256231,2.05565700111074,3.738292203475,0.902985904379888,0.0675750496962148,0.215176035893871,1.13908591872259,1.06890433518722,1.09316304833389,50.25,545.1818182,119.5510204,31.075,20.78416667"
"2025-04-13 16:00:00,16,2025-04-13,""LUFA"",""CRDS.3"",524.472267459574,423.732893859334,447.918981522351,10.7769193071478,2.15338305566203,4.07505092214537,0.961907027050601,0.0720797231888648,0.266732285464074,1.16272273936074,1.12614555171055,1.14468820658926,50,545.1818182,119.5510204,31.075,19.8125"
"2025-04-13 17:00:00,17,2025-04-13,""LUFA"",""CRDS.3"",529.307343592463,420.014722645463,453.972528799981,10.9196228037178,2.08105975307982,5.01153793350426,1.02447312568127,0.0790379146875963,0.311538174545037,1.2082979419275,1.13651922640963,1.17676845910148,46.5,545.1818182,119.5510204,31.075,17.80416667"
"2025-04-13 18:00:00,18,2025-04-13,""LUFA"",""CRDS.3"",574.669820913241,422.174747300056,458.153982521352,14.5050201989866,2.18272382679223,4.92022049401166,1.32770150158003,0.0803864797772723,0.36500959281763,1.20192561196787,1.12310090238796,1.12886015254259,47,545.1818182,119.5510204,31.075,16.905"
"2025-04-13 19:00:00,19,2025-04-13,""LUFA"",""CRDS.3"",665.228272839037,428.738961253852,487.054053407722,21.1726889239509,2.20994047595445,6.94860784776908,2.01093313541185,0.0972989906398427,0.44673492487787,1.27176937042435,1.15733448638611,1.1870321642337,46.25,545.1818182,119.5510204,31.075,14.97583333"
"2025-04-13 20:00:00,20,2025-04-13,""LUFA"",""CRDS.3"",615.419487592463,434.306292568444,520.787506801648,16.8506186207605,2.36185405183704,9.91272518750981,1.75576700839315,0.0935419026590815,0.696460378749833,1.23399683659546,1.14112467700963,1.19049531511389,49,545.1818182,119.5510204,31.075,13.31833333"
"2025-04-13 21:00:00,21,2025-04-13,""LUFA"",""CRDS.3"",554.112088816232,428.00986079163,453.720984060167,12.1199887528581,2.31821079555074,3.94197416197333,1.35733233181137,0.0878495913714333,0.27520349258937,1.32215996692463,1.24767956063722,1.29287559253592,48.75,545.1818182,119.5510204,31.075,12.90333333"
"2025-04-13 22:00:00,22,2025-04-13,""LUFA"",""CRDS.3"",656.844584499629,434.809769156333,464.266355597445,19.025546619288,2.25165423469593,4.08561887735296,2.38073357333584,0.124710447399396,0.232598031899722,1.44933657554815,1.37205827279056,1.3817026466976,47.75,545.1818182,119.5510204,31.075,12.69583333"
"2025-04-13 23:00:00,23,2025-04-13,""LUFA"",""CRDS.3"",678.141244083861,439.963455001963,446.01587717774,19.9496611361629,2.14514657672389,2.58855527218759,2.29387666866176,0.124165635761356,0.171826254767019,1.43593854218528,1.37636230355722,1.36588158575704,48,545.1818182,119.5510204,31.075,11.44916667"
"2025-04-14 00:00:00,0,2025-04-14,""LUFA"",""CRDS.3"",633.175287125796,438.106687638482,438.693902384907,16.3754462219917,2.11076671367741,2.18286261478204,1.76012851879602,0.117193598238576,0.141214081407037,1.39850439419685,1.33936496509074,1.33051349635815,46.5,545.1818182,119.5510204,31.88,11.2"
"2025-04-14 01:00:00,1,2025-04-14,""LUFA"",""CRDS.3"",581.321735485231,442.492616593611,447.081785850722,12.2186414836127,2.10466216417796,2.58107413875,1.40387799774565,0.0946739530604629,0.136384848103815,1.31627384414444,1.22668172818037,1.28645418948759,47.4,545.1818182,119.5510204,31.88,10.4"
"2025-04-14 02:00:00,2,2025-04-14,""LUFA"",""CRDS.3"",595.310400363074,444.088732232815,462.119967572871,12.9681234716462,2.32827490107112,3.43820505521593,1.66732338067389,0.0936487086751815,0.191281744875166,1.28007367860815,1.19925604672685,1.25440550055204,50.5,545.1818182,119.5510204,31.88,9.66"
"2025-04-14 03:00:00,3,2025-04-14,""LUFA"",""CRDS.3"",690.658584540945,447.950111689,443.879138556926,19.2486014797898,2.21684589381185,2.17245922763074,2.01538179844797,0.0987072420105465,0.115874494278778,1.25165950203759,1.06767879333797,1.17031235644667,48.5,545.1818182,119.5510204,31.88,9.51"
"2025-04-14 04:00:00,4,2025-04-14,""LUFA"",""CRDS.3"",631.310831456296,445.755115359334,451.388553014333,14.8284595011931,2.09388107169,2.47054135656296,1.62379517381546,0.0841604113872796,0.110232945045885,1.21377303407491,1.05978195505667,1.15254938674648,51.5,545.1818182,119.5510204,31.88,9.55"
"2025-04-14 05:00:00,5,2025-04-14,""LUFA"",""CRDS.3"",768.3844109455,460.31702619713,462.663697386037,25.9353527406009,2.76884391612,3.03320892534259,1.82440156627564,0.0764610488362018,0.138056301936004,1.19594470368592,0.988552338761389,1.09220855538389,53.25,545.1818182,119.5510204,31.88,12.76"
"2025-04-14 06:00:00,6,2025-04-14,""LUFA"",""CRDS.3"",696.180265586907,453.759181068186,455.819693979796,21.9263518193157,2.14235223052148,2.47166882424166,1.36784296894315,0.085777413857937,0.176269188129426,1.18298145647166,1.06036381019796,1.62928773348296,50,545.1818182,119.5510204,31.88,17.38"
"2025-04-14 07:00:00,7,2025-04-14,""LUFA"",""CRDS.3"",660.351622317213,457.662053786259,467.852524559463,19.8261111640157,2.16177809008148,3.56293865362722,1.40722539178111,0.0916016296635482,0.1812408738545,1.22289404903732,1.13122125789352,1.21417891090574,48.75,545.1818182,119.5510204,31.88,19.85"
"2025-04-14 08:00:00,8,2025-04-14,""LUFA"",""CRDS.3"",552.429365946833,446.075542702888,449.395091670537,11.2372742772853,2.30899963557759,2.79563398749741,1.18299417227889,0.0986997998227555,0.181319563752111,1.27116371706435,1.28694088249833,1.23928762195074,50,545.1818182,119.5510204,31.88,21.23"
"2025-04-14 09:00:00,9,2025-04-14,""LUFA"",""CRDS.3"",542.788427176556,433.775485639685,456.393170192741,11.0308118135488,2.21293231781889,3.86833701763741,1.24503629201787,0.130644513709424,0.282530818656685,1.34524257725342,1.58026666839556,1.28869784597852,50.25,545.1818182,119.5510204,31.88,23.6"
"2025-04-14 10:00:00,10,2025-04-14,""LUFA"",""CRDS.3"",522.408746505602,432.661012886185,455.068941169481,9.63031002062276,2.20122223947463,4.05880975305555,1.17732287702046,0.285542265452593,0.268788962042222,1.3413874674175,1.51870416032482,1.284929930095,45.5,545.1818182,119.5510204,31.88,23.74"
"2025-04-14 11:00:00,11,2025-04-14,""LUFA"",""CRDS.3"",550.307024461111,429.809787633203,433.240158863241,13.5415532096811,2.20918606222037,2.83373625338703,1.41908702563899,0.111451475669631,0.171432970820389,1.35724335421685,1.26381328254148,1.26528206007333,50.5,545.1818182,119.5510204,31.88,24.36"
"2025-04-14 12:00:00,12,2025-04-14,""LUFA"",""CRDS.3"",582.406001772537,426.176986131574,444.281192445186,16.2794122082305,2.28982873911055,3.6931488949774,1.70375438560852,0.124151690268185,0.258764685825148,1.26380063585333,1.1793220969637,1.17271961145889,49,545.1818182,119.5510204,31.88,22.98"
"2025-04-14 13:00:00,13,2025-04-14,""LUFA"",""CRDS.3"",556.122453765204,424.381468169426,440.024205074666,13.5282777933531,2.1966890468513,3.84077988284167,1.55822423658731,0.0977288231791834,0.207533143911685,1.08015719394741,0.980463747315665,0.955867643683463,46.75,545.1818182,119.5510204,31.88,22.7"
"2025-04-14 14:00:00,14,2025-04-14,""LUFA"",""CRDS.3"",536.643032993611,425.120837561037,442.405328803149,12.2112383709904,2.45261523502222,4.24997513123,1.416465691305,0.0964750608533259,0.262147367678333,0.930197528017574,0.802462396082834,0.824133682311166,46.5,545.1818182,119.5510204,31.88,22.42"
"2025-04-14 15:00:00,15,2025-04-14,""LUFA"",""CRDS.3"",628.032574139676,428.508360556315,446.5693789995,19.6587640949408,2.99574862707185,4.28505332231889,2.23538943808129,0.114354546190113,0.252970303307537,0.98522495392423,0.821026180363778,0.819668451538277,48.75,545.1818182,119.5510204,31.88,23.67"
"2025-04-14 16:00:00,16,2025-04-14,""LUFA"",""CRDS.3"",585.851433329629,421.543569286851,453.251819989574,15.3865609805416,2.18289015440889,4.70295377607037,1.92266037143306,0.0941759519828277,0.275787454456389,0.931097442640324,0.778151257786666,0.783581612265982,48.5,545.1818182,119.5510204,31.88,22.06"
"2025-04-14 17:00:00,17,2025-04-14,""LUFA"",""CRDS.3"",594.471437730842,429.061283104407,457.202241514,16.1106606988381,2.74477088512463,5.30142335344963,1.82787534865231,0.11241215758187,0.316023362793457,0.911103901363565,0.734005736419667,0.784997554575277,49,545.1818182,119.5510204,31.88,17.88"
"2025-04-14 18:00:00,18,2025-04-14,""LUFA"",""CRDS.3"",606.433739034509,435.524631659259,420.101576208703,16.8940784040999,3.55314519879611,2.02936874211907,1.81106253087006,0.169317981186666,0.071878437751776,0.914166323366704,0.739646312883296,0.724854272827629,51,545.1818182,119.5510204,31.88,15.07"
"2025-04-14 19:00:00,19,2025-04-14,""LUFA"",""CRDS.3"",666.144918190926,422.515781879555,423.004415446574,22.4608514818278,2.63332890447926,2.03122415648389,2.24054355738185,0.131327279826893,0.0797961562691796,1.05712153272398,0.869037825881222,0.888588650967315,50,545.1818182,119.5510204,31.88,13.48"
"2025-04-14 20:00:00,20,2025-04-14,""LUFA"",""CRDS.3"",816.083285008065,465.849212968741,430.416928349889,34.2570677513722,5.04209193838778,2.08211037427796,2.53218388409203,0.260053330015574,0.0825211271596111,1.04872291521083,0.875673830469389,0.831778934530185,48,545.1818182,119.5510204,31.88,12.01"
"2025-04-14 21:00:00,21,2025-04-14,""LUFA"",""CRDS.3"",821.716874159343,432.159434473148,429.824602220334,32.8255027661268,2.16536030282797,2.09333786386204,2.8148996458187,0.118026772850809,0.0830409707732093,1.03550120026574,0.82007766404413,0.820729957862852,47.5,545.1818182,119.5510204,31.88,11.59"
"2025-04-14 22:00:00,22,2025-04-14,""LUFA"",""CRDS.3"",746.268348442843,461.258229915389,457.061385552444,25.0600030739037,3.37377643366649,2.31430827130019,1.87591295097759,0.143578212369074,0.0718886524812889,0.983765065059139,0.841949944148519,0.830784204443037,47.5,545.1818182,119.5510204,31.88,11.35"
"2025-04-14 23:00:00,23,2025-04-14,""LUFA"",""CRDS.3"",755.458096376213,469.165562470945,455.929800043981,25.0056723730685,3.5455080451376,2.15325866029723,1.72767352302805,0.146766243404183,0.0687853573846574,0.987330400901342,0.850162468950685,0.841638424764611,49,545.1818182,119.5510204,31.88,12.2"
"2025-04-15 00:00:00,0,2025-04-15,""LUFA"",""CRDS.3"",746.162081605768,474.750291317204,483.969751345296,22.5422377105111,2.72492459221333,2.17342321179185,1.79623101126296,0.162984714632556,0.0738671459228223,1.00575680067179,0.865673486502222,0.891051086341037,49,545.1818182,119.5510204,31.62166667,12.92"
"2025-04-15 01:00:00,1,2025-04-15,""LUFA"",""CRDS.3"",648.32826150225,489.815084829926,468.158847144703,15.3741289166001,2.79159590716333,2.1566101186726,1.28415548299064,0.16032529283876,0.0752812373545426,1.05780551371639,0.968693989905037,0.982175025597667,48,545.1818182,119.5510204,31.62166667,11.38"
"2025-04-15 02:00:00,2,2025-04-15,""LUFA"",""CRDS.3"",648.971990607666,471.344622446185,460.044725307333,16.2458715085179,3.11617716513938,2.10056416796,1.24801532424669,0.175977775353395,0.0789908605004871,1.11590754221297,1.03934609749605,1.02643854644371,50,545.1818182,119.5510204,31.62166667,11.81"
"2025-04-15 03:00:00,3,2025-04-15,""LUFA"",""CRDS.3"",562.617043176278,461.097804695315,452.8894937915,10.2606072633613,2.53402048480018,2.12667884331667,0.769414623625241,0.152889962127389,0.0743525230528685,1.11484820230473,1.09032494939296,1.07504608164556,50,545.1818182,119.5510204,31.62166667,12.43"
"2025-04-15 04:00:00,4,2025-04-15,""LUFA"",""CRDS.3"",655.902335473269,461.624193382833,449.410721990777,16.9087880057519,2.88971528059722,2.1065931536024,1.07587195227151,0.158824893885352,0.084561973700563,1.19740143787879,1.1445047446,1.13413343929259,50.5,545.1818182,119.5510204,31.62166667,12.06"
"2025-04-15 05:00:00,5,2025-04-15,""LUFA"",""CRDS.3"",661.302587120805,486.010120185334,443.879573791815,18.3716372833241,3.59384532844944,2.06979248832908,1.32268442588972,0.156964688201055,0.0917207924828278,1.22293720795667,1.16157911218371,1.14990178802445,54.25,545.1818182,119.5510204,31.62166667,16.18"
"2025-04-15 06:00:00,6,2025-04-15,""LUFA"",""CRDS.3"",809.714187687741,473.585720454445,445.137185067241,34.2214022883111,2.45505340924518,2.05967518553297,1.71380253063777,0.119440867753654,0.0966403138030778,1.24671070195528,1.13911855954851,1.14747413641333,51,545.1818182,119.5510204,31.62166667,19.98"
"2025-04-15 07:00:00,7,2025-04-15,""LUFA"",""CRDS.3"",792.643778573102,467.961140652333,436.967796002444,33.6070573601093,2.3721747526813,2.06201436698148,1.90880309297936,0.157481799259148,0.106081653734132,1.2837995576675,1.21042829509944,1.18952548830037,50.25,545.1818182,119.5510204,31.62166667,22.18"
"2025-04-15 08:00:00,8,2025-04-15,""LUFA"",""CRDS.3"",682.212416532065,434.321295120056,432.543212707759,23.7111069034972,2.24428793395056,2.05829656810815,1.80633522608333,0.115100107322931,0.108046246914726,1.33745117619472,1.2113680238237,1.21609641877055,49,545.1818182,119.5510204,31.62166667,24.37"
"2025-04-15 09:00:00,9,2025-04-15,""LUFA"",""CRDS.3"",642.845278809543,433.423250335593,428.768780157166,20.633116127537,2.47234335330926,2.05186283800203,1.92102518324938,0.133136247736407,0.111697571233895,1.35511477936963,1.25297192087556,1.23842914064593,51.75,545.1818182,119.5510204,31.62166667,24.64"
"2025-04-15 11:00:00,NA,2025-04-15,""LUFA"",""CRDS.3"",638.345840084074,NA,NA,21.0395573380074,NA,NA,2.10939737277,NA,NA,1.37884393909444,NA,NA,NA,NA,NA,NA,NA"
"NA,NA,NA,""LUFA"",""CRDS.3"",NA,437.322972031315,NA,NA,2.21628721224556,NA,NA,0.0512709397670519,NA,NA,0.800117159811333,NA,NA,NA,NA,NA,NA"
"2025-04-08 12:00:00,12,2025-04-08,""UB"",""CRDS.2"",536.063831559926,431.738592153852,429.202068792667,12.6415097370676,2.32541688695277,2.16091608639389,0.678096552460722,0.0280014353228481,0.0113292104061657,0.630456144422435,0.548640063333963,0.572606592287481,42.5,545.1818182,119.5510204,30.06491228,18.21"
"2025-04-08 13:00:00,13,2025-04-08,""UB"",""CRDS.2"",532.989319124713,431.325514718333,428.679302136649,11.4955115382842,2.27354013547889,2.13026518581315,0.698300401085908,0.0269385737536093,0.0136465643490389,0.603870346620852,0.508348659357611,0.54636230413924,43,545.1818182,119.5510204,30.06491228,18.67"
"2025-04-08 14:00:00,14,2025-04-08,""UB"",""CRDS.2"",552.968228085722,440.249957952814,440.731841580574,13.6657305357267,3.11527836424334,3.12336906646703,0.805911423252075,0.044164562535087,0.0645095471711369,0.598796038107398,0.521472069415871,0.536213920285611,40.5,545.1818182,119.5510204,30.06491228,14.42333333"
"2025-04-08 15:00:00,15,2025-04-08,""UB"",""CRDS.2"",513.604638859518,430.763997869815,426.207367490648,9.89363920526438,2.37484332552278,2.05773295591778,0.736406608534963,0.0428001104193722,0.0146075144292444,0.5838991433475,0.516663627796834,0.537498864233648,43,545.1818182,119.5510204,30.06491228,14.64583333"
"2025-04-08 16:00:00,16,2025-04-08,""UB"",""CRDS.2"",578.865656123648,436.772328534148,425.319352987204,16.0588440619026,3.1535827194674,2.14629409595203,0.897800013661601,0.0661273016823944,0.0200613954554666,0.620480482173278,0.524979320164278,0.5285529597255,45,545.1818182,119.5510204,30.06491228,15.29916667"
"2025-04-08 17:00:00,17,2025-04-08,""UB"",""CRDS.2"",598.604428363695,431.46034476376,438.524871595759,17.8885225801638,2.68397263024,3.28971730791037,0.982714199542452,0.0392972533733074,0.0451631354879611,0.605303543497407,0.512714021044,0.524773641081297,49.25,545.1818182,119.5510204,30.06491228,11.7575"
"2025-04-08 18:00:00,18,2025-04-08,""UB"",""CRDS.2"",544.278627695759,435.121688338259,425.162346105796,12.5540332912033,2.92172697262685,2.11453695327574,0.87479342113476,0.0602504288282796,0.0160365330834722,0.599314246889731,0.530088331889537,0.522414159072371,42.5,545.1818182,119.5510204,30.06491228,8.716666667"
"2025-04-08 19:00:00,19,2025-04-08,""UB"",""CRDS.2"",606.802218602704,438.270889811777,428.714751857445,18.1382798739643,3.08446426203,2.0544007331213,0.817519046746537,0.0566938432648241,0.0128180611733574,0.654722508917852,0.566936369988111,0.570021186177741,44.75,545.1818182,119.5510204,30.06491228,8.058333333"
"2025-04-08 20:00:00,20,2025-04-08,""UB"",""CRDS.2"",682.008907208369,458.488426649278,468.750648549463,23.7888205125369,3.94922323637981,5.11477570998889,1.34852076831136,0.0827009839167409,0.102505701981469,0.672441862680137,0.568147360762537,0.566850964619722,44.25,545.1818182,119.5510204,30.06491228,7.235"
"2025-04-08 21:00:00,21,2025-04-08,""UB"",""CRDS.2"",582.633278869759,435.590874313852,437.234243693333,13.8697166671963,2.23617245446815,2.54405106156389,1.13969772857694,0.0172314321606982,0.0447576632864667,0.634281488234593,0.557967407802203,0.553119871411074,48.5,545.1818182,119.5510204,30.06491228,6.799166667"
"2025-04-08 22:00:00,22,2025-04-08,""UB"",""CRDS.2"",635.647378379306,450.899810584167,459.913070444907,16.9985586344766,2.73646321375297,3.37709978016426,1.20160209930274,0.0263388979957777,0.101211697162917,0.672649183377102,0.594632395923796,0.599014931096981,53.75,545.1818182,119.5510204,30.06491228,6.248333333"
"2025-04-08 23:00:00,23,2025-04-08,""UB"",""CRDS.2"",706.470198156556,454.951982192871,464.204724272037,20.9653788672944,2.29459084604574,2.11626748569112,1.09241032209855,0.01497812424085,0.0134817674730852,0.712683776987259,0.605913068743944,0.619171781752296,52.5,545.1818182,119.5510204,30.06491228,5.838333333"
"2025-04-09 00:00:00,0,2025-04-09,""UB"",""CRDS.2"",686.901160923407,445.017032594815,442.314458226426,21.7709857119935,2.23425037169611,2.05277182304352,0.99669498645187,0.0353831115042537,0.0104068711038077,0.702842232917602,0.585741637275592,0.595804960695445,51.25,545.1818182,119.5510204,30.91034483,5.329166667"
"2025-04-09 01:00:00,1,2025-04-09,""UB"",""CRDS.2"",705.124657085991,451.500455623074,440.732406819649,23.1993461468861,2.79658402661796,2.03736432189111,1.13985084014685,0.0777599503457296,0.00997931652399815,0.671296211179185,0.561036437490444,0.551658361412519,55,545.1818182,119.5510204,30.91034483,6.3125"
"2025-04-09 02:00:00,2,2025-04-09,""UB"",""CRDS.2"",716.975486561185,441.373479074352,441.531975688778,23.5968458310417,2.09489476471389,2.05130392533445,1.29830472357954,0.0178986576479607,0.0101352196338661,0.676577499856889,0.549534145889371,0.555453769014314,56.25,545.1818182,119.5510204,30.91034483,5.664166667"
"2025-04-09 03:00:00,3,2025-04-09,""UB"",""CRDS.2"",674.699213601611,440.71927999537,447.91608218313,20.3942732380019,2.12173647907352,2.79621952287482,1.30974659017287,0.0109871788193429,0.0209877178884696,0.634430782028861,0.517683486846592,0.527680287217871,56.75,545.1818182,119.5510204,30.91034483,4.918333333"
"2025-04-09 04:00:00,4,2025-04-09,""UB"",""CRDS.2"",566.878669204176,446.295343638352,454.00535564737,11.2507231468624,2.11059802213056,2.57165630048592,0.991437541318769,0.011812478542736,0.0368519655274129,0.602817470053509,0.547719492361074,0.542440483938148,55.5,545.1818182,119.5510204,30.91034483,5.118333333"
"2025-04-09 05:00:00,5,2025-04-09,""UB"",""CRDS.2"",653.108650622157,456.440605217667,452.936942957352,17.8975130446723,2.27609367804722,2.03692902941019,1.01657600842063,0.0386103115528741,0.0141352114866185,0.658541486180555,0.565384633310741,0.577311389048889,50.25,545.1818182,119.5510204,30.91034483,5.488333333"
"2025-04-09 06:00:00,6,2025-04-09,""UB"",""CRDS.2"",612.817918257519,445.31590636613,459.291129766056,15.7872925794371,2.08776993494129,2.6258433186837,0.917345946760703,0.0145046864667241,0.035918168647263,0.620567613181602,0.563320671967852,0.560949107683222,52.75,545.1818182,119.5510204,30.91034483,6.308333333"
"2025-04-09 07:00:00,7,2025-04-09,""UB"",""CRDS.2"",597.031521430981,452.015490100389,455.403214804,14.6413221496958,2.26184642757426,2.63123398169241,0.895058257546768,0.0144041920054852,0.0437944731922167,0.637348157391667,0.596020836971741,0.585372291046241,49.5,545.1818182,119.5510204,30.91034483,10.42166667"
"2025-04-09 08:00:00,8,2025-04-09,""UB"",""CRDS.2"",649.172487716648,456.189132106667,462.498959230926,18.6910272580176,2.38643583172166,2.69880045582592,1.05803964629183,0.0190317590463481,0.0256027684113759,0.701736917428574,0.651956383449537,0.652331409059185,46.5,545.1818182,119.5510204,30.91034483,17.73166667"
"2025-04-09 09:00:00,9,2025-04-09,""UB"",""CRDS.2"",571.179156060602,445.508357069,456.309066589,13.4543080065091,2.27313635535722,3.09223898087148,0.904673072347056,0.0249509866915686,0.0682667015957963,0.74077973806087,0.712699144658351,0.69786620146124,47,545.1818182,119.5510204,30.91034483,18.70583333"
"2025-04-09 10:00:00,10,2025-04-09,""UB"",""CRDS.2"",546.41484324238,432.984287349426,447.698462669963,12.1208548355997,2.21716918436815,3.18407285101463,0.852964331877574,0.0301249180701334,0.121428358715369,0.810421862899963,0.73127943304926,0.765590726759834,44.5,545.1818182,119.5510204,30.91034483,18.5175"
"2025-04-09 11:00:00,11,2025-04-09,""UB"",""CRDS.2"",528.584330006926,429.146270015611,436.650806600278,11.3403419429658,2.37382986320648,3.16648415678814,0.820366674909074,0.0398306232209389,0.0990928440607461,0.700922098723796,0.591510914019722,0.631827090834741,47.25,545.1818182,119.5510204,30.91034483,17.63833333"
"2025-04-09 12:00:00,12,2025-04-09,""UB"",""CRDS.2"",528.019544730935,429.835305415148,432.73713103813,11.2787780552506,2.64814343173055,2.9540575306137,0.950721343817927,0.0566348427205592,0.0676183357333685,0.665977137845769,0.597679788338686,0.599780976779963,48.75,545.1818182,119.5510204,30.91034483,17.0975"
"2025-04-09 13:00:00,13,2025-04-09,""UB"",""CRDS.2"",517.165260417796,430.468149862722,434.047769687333,10.4420195177373,2.7397206717087,3.19217612042315,0.89851833000387,0.0525490126187926,0.0714922184880019,0.682937589097408,0.593483455860611,0.621659100500055,46.75,545.1818182,119.5510204,30.91034483,15.97083333"
"2025-04-09 14:00:00,14,2025-04-09,""UB"",""CRDS.2"",509.949703894814,425.518231589407,427.940674678074,10.1249483388199,2.29161977196074,2.62875852733574,0.996955405672157,0.0391617794684407,0.0465015370653463,0.677238126823889,0.609872032462703,0.614473135473222,42.25,545.1818182,119.5510204,30.91034483,15.15083333"
"2025-04-09 15:00:00,15,2025-04-09,""UB"",""CRDS.2"",522.212546667824,429.235403046814,442.654785730815,11.1066606969428,2.6698494613163,3.94429767941037,0.930711267583731,0.0580496828240259,0.100620359480232,0.681771890956352,0.610711743239593,0.633329606678037,42.25,545.1818182,119.5510204,30.91034483,14.99666667"
"2025-04-09 16:00:00,16,2025-04-09,""UB"",""CRDS.2"",519.433132112824,425.884974451056,446.410287189741,10.5502922521202,2.33047680895445,4.32921116312907,0.937717640827481,0.0364712046330204,0.134856450920122,0.710536512251546,0.662193981870703,0.663304528621778,43.5,545.1818182,119.5510204,30.91034483,13.51416667"
"2025-04-09 17:00:00,17,2025-04-09,""UB"",""CRDS.2"",539.565437600111,430.622662062111,433.852105430685,12.558072648484,2.93384156709833,3.43053785635963,0.923053041263778,0.0613513542701278,0.074577458567887,0.735387716624185,0.670348916829778,0.67766866848776,46.25,545.1818182,119.5510204,30.91034483,12.0975"
"2025-04-09 18:00:00,18,2025-04-09,""UB"",""CRDS.2"",555.434902603037,433.807019881408,436.39115781563,13.7766814653801,3.13739640459944,3.71096309185445,1.01453483688943,0.0547441697428148,0.0684340901786315,0.747282598862731,0.682038402167277,0.690492227227074,46.75,545.1818182,119.5510204,30.91034483,10.41083333"
"2025-04-09 19:00:00,19,2025-04-09,""UB"",""CRDS.2"",582.632701496982,430.555646041361,437.945665643593,16.1194238351389,2.72862932095935,3.650802862425,1.13930824209694,0.0500213804757227,0.0703123317496352,0.759296597455074,0.692239070353723,0.693827017921463,45.75,545.1818182,119.5510204,30.91034483,8.985"
"2025-04-09 20:00:00,20,2025-04-09,""UB"",""CRDS.2"",554.878331953574,427.994190369463,444.719798328278,13.5220913472392,2.31544551819777,4.21678165923333,1.07530630487897,0.038267663604663,0.116609664914493,0.791919998486593,0.752763365873074,0.744601262277629,47.5,545.1818182,119.5510204,30.91034483,7.58"
"2025-04-09 21:00:00,21,2025-04-09,""UB"",""CRDS.2"",545.76506036912,427.06814453137,441.193747740315,13.0059879540625,2.34040965684982,3.86436051309963,0.987377574133416,0.031973530318587,0.0897867811223185,0.82819954214187,0.770089474186481,0.787240740008111,47.75,545.1818182,119.5510204,30.91034483,6.568333333"
"2025-04-09 22:00:00,22,2025-04-09,""UB"",""CRDS.2"",543.896878567473,427.125637612574,448.87359324513,12.1615603238897,2.15976406992815,4.54885818243037,0.93436143952352,0.0261301739077482,0.120866941129743,0.795794072398454,0.738173245740797,0.752055477449796,48.25,545.1818182,119.5510204,30.91034483,5.710833333"
"2025-04-09 23:00:00,23,2025-04-09,""UB"",""CRDS.2"",533.178605923528,429.504273064797,463.034877567796,11.1335721658754,2.20902928434518,5.54482004615574,0.925352501054917,0.0245207801613519,0.157649595547463,0.776444566693768,0.725440106793167,0.746206321871574,49.5,545.1818182,119.5510204,30.91034483,5.425"
"2025-04-10 00:00:00,0,2025-04-10,""UB"",""CRDS.2"",567.258857277037,437.363845395426,473.581770057685,13.485269534638,2.60456749279629,5.93108227665722,0.894180068313213,0.042637138023663,0.197779612208277,0.76673509131775,0.722308656486592,0.732522606314463,56.6,545.1818182,119.5510204,31.315,4.9"
"2025-04-10 01:00:00,1,2025-04-10,""UB"",""CRDS.2"",543.606223675546,435.43040589,462.558302241167,11.3712635444039,2.42589202222907,4.99800878547741,0.870357666296398,0.0364129302235741,0.182318319085333,0.773899485758602,0.73831291060737,0.745854587028574,56.75,545.1818182,119.5510204,31.315,5.066666667"
"2025-04-10 02:00:00,2,2025-04-10,""UB"",""CRDS.2"",532.040494820852,436.773871187759,473.632919280574,10.3799792311052,2.3975162826863,5.6904230318963,0.773778932205972,0.0326893879352445,0.211438784188334,0.772045300079907,0.739920227942852,0.752590843883222,56.75,545.1818182,119.5510204,31.315,5.486666667"
"2025-04-10 03:00:00,3,2025-04-10,""UB"",""CRDS.2"",551.25587069987,434.975350442722,463.886806121852,11.8849105559573,2.28513319406185,4.93089732563685,0.878649688324963,0.0321569042868778,0.168857908730889,0.787537209459074,0.752838877940093,0.759652328085352,57.25,545.1818182,119.5510204,31.315,5.5825"
"2025-04-10 04:00:00,4,2025-04-10,""UB"",""CRDS.2"",552.349405049074,433.903054981889,460.04634177487,12.1888996190326,2.21964977599611,4.97692768733352,0.844808288364796,0.0289833168333518,0.162998045174982,0.802381228151435,0.765239912414055,0.772944202631296,51.25,545.1818182,119.5510204,31.315,5.5675"
"2025-04-10 05:00:00,5,2025-04-10,""UB"",""CRDS.2"",579.045515215514,434.968269469352,447.978148687166,14.79460929806,2.50256835176278,4.19820691039055,0.989401462813007,0.0296181491545445,0.0813040555487558,0.815930153368555,0.771210562461389,0.77758296716913,52.25,545.1818182,119.5510204,31.315,6.015833333"
"2025-04-10 06:00:00,6,2025-04-10,""UB"",""CRDS.2"",602.869720292361,434.533440319963,460.908838104222,17.2466964411533,2.37802072736,5.17992612961741,0.91575644622163,0.02618517950525,0.103251100847109,0.820419682989371,0.771127042981778,0.78130709459637,52.25,545.1818182,119.5510204,31.315,6.741666667"
"2025-04-10 07:00:00,7,2025-04-10,""UB"",""CRDS.2"",588.411084944509,433.38255856863,453.449498830074,15.8442123361022,2.39607138273482,4.44880877875667,0.973293082873695,0.0291397085674093,0.100323755190774,0.814819550544167,0.758776748862556,0.770319247562426,51.75,545.1818182,119.5510204,31.315,7.99"
"2025-04-10 08:00:00,8,2025-04-10,""UB"",""CRDS.2"",557.840525131,430.591625616408,455.61539217313,13.6324246425356,2.25950084355018,4.63522229964389,0.958900595076537,0.0259069321300352,0.10067645131525,0.782802517375444,0.734204887820722,0.746155943579519,52.75,545.1818182,119.5510204,31.315,8.808333333"
"2025-04-10 09:00:00,9,2025-04-10,""UB"",""CRDS.2"",564.601867374444,430.304992949851,435.353017044093,14.054278898475,2.311449046275,2.92012722222981,0.972281775296529,0.0309996658312426,0.0734294294822685,0.790402999870398,0.731544901722555,0.735929600313722,46.5,545.1818182,119.5510204,31.315,10.09666667"
"2025-04-10 10:00:00,10,2025-04-10,""UB"",""CRDS.2"",534.179774071084,429.969513962741,438.207503602722,11.4672555813588,2.31971947262037,3.22044271667,0.931324621777787,0.0356741355294,0.065269655752424,0.788395751472417,0.750692843498426,0.745977267184519,46,545.1818182,119.5510204,31.315,13.65166667"
"2025-04-10 11:00:00,11,2025-04-10,""UB"",""CRDS.2"",534.789652527158,433.916730298,448.345834947334,11.7754967446406,2.74462545775518,4.34210595413037,0.86537819518862,0.0472524000528093,0.136415159701078,0.809399043352278,0.763735522494555,0.776347159525482,47.25,545.1818182,119.5510204,31.315,14.71083333"
"2025-04-10 12:00:00,12,2025-04-10,""UB"",""CRDS.2"",506.322878094584,425.961203147796,444.060807210555,9.44606736526807,2.11745041105908,3.92793088354389,0.86262985360375,0.03203743336935,0.12842983454203,0.816229046625259,0.773718715718889,0.772953221522296,45.25,545.1818182,119.5510204,31.315,16.03083333"
"2025-04-10 13:00:00,13,2025-04-10,""UB"",""CRDS.2"",534.056081745352,424.828482351723,450.314360290981,12.0842959077026,2.24527355783722,4.55854302329315,0.937298383001195,0.0341378007347852,0.181811640990759,0.837699320046787,0.783443103504204,0.798320309216334,49.75,545.1818182,119.5510204,31.315,16.76166667"
"2025-04-10 14:00:00,14,2025-04-10,""UB"",""CRDS.2"",511.511478774315,423.368186504723,446.632334078722,10.1574818245674,2.19042312558408,4.38549467355111,0.794727422093222,0.0357145487318297,0.156910060387506,0.84648149063525,0.782040013479407,0.805934806559074,47,545.1818182,119.5510204,31.315,15.39166667"
"2025-04-10 15:00:00,15,2025-04-10,""UB"",""CRDS.2"",504.093847583907,422.272721312315,441.021018235315,9.47501670506204,2.22277431610055,3.95410840961482,0.825878941375676,0.0346668659677315,0.169091051012254,0.85447625193163,0.795377703686482,0.8257245425545,49.5,545.1818182,119.5510204,31.315,16.50583333"
"2025-04-10 16:00:00,16,2025-04-10,""UB"",""CRDS.2"",508.614727642222,421.937288802074,439.214438384796,10.1738390431911,2.28876020484574,4.00644021971149,0.985331929929093,0.04102607961405,0.167686841151255,0.869743502244768,0.810393204894611,0.813987685957352,48.5,545.1818182,119.5510204,31.315,15.40583333"
"2025-04-10 17:00:00,17,2025-04-10,""UB"",""CRDS.2"",519.586524046463,421.198493771963,442.511418665018,11.0231395876635,2.20592340954796,4.27335983726593,1.2386758811738,0.035684805357374,0.172074330726797,0.859399711063,0.790375032518518,0.8147262119985,48.5,545.1818182,119.5510204,31.315,12.99083333"
"2025-04-10 18:00:00,18,2025-04-10,""UB"",""CRDS.2"",550.426586568963,424.3763275615,455.011135159537,14.7828769883033,2.33545306578111,5.23732664314963,1.18600733853174,0.0401066459454185,0.198340861229926,0.848350430609759,0.765996055085537,0.797765957347593,50,545.1818182,119.5510204,31.315,10.65166667"
"2025-04-10 19:00:00,19,2025-04-10,""UB"",""CRDS.2"",529.887544794278,426.015191119611,460.376284679463,11.0979419761612,2.18607486220018,5.21897305651944,0.825846003949166,0.03060550071645,0.235529075719593,0.826625241859158,0.790861442186389,0.804565847197593,53,545.1818182,119.5510204,31.315,8.799166667"
"2025-04-10 20:00:00,20,2025-04-10,""UB"",""CRDS.2"",523.072836802991,429.233098404426,457.581707607722,10.2097859441341,2.21540448889648,4.65011860982852,0.749732219223102,0.0260636138767741,0.222487573108463,0.832456139921843,0.784993871209574,0.806941996074055,50.25,545.1818182,119.5510204,31.315,7.319166667"
"2025-04-10 21:00:00,21,2025-04-10,""UB"",""CRDS.2"",499.40691718612,430.257244747092,453.137199652611,7.93383467038537,2.15375075881574,4.13723715586407,0.659794369201602,0.0224891006462926,0.200090092794074,0.809281583782444,0.772753144627278,0.793234033215555,49.25,545.1818182,119.5510204,31.315,7.268333333"
"2025-04-10 22:00:00,22,2025-04-10,""UB"",""CRDS.2"",468.378592957213,430.066400813167,450.063967877852,5.33934065838787,2.10630259642944,3.72230593774204,0.493638268893648,0.0171353921006351,0.150173669028092,0.786944465970871,0.767145014783722,0.778882096503259,50.25,545.1818182,119.5510204,31.315,7.165"
"2025-04-10 23:00:00,23,2025-04-10,""UB"",""CRDS.2"",463.78872271688,429.039512480445,448.301160045444,4.96337126163185,2.13798692525741,3.69478883812814,0.49456879704537,0.0186491100664759,0.151870141472611,0.780828564823472,0.760026441804074,0.773159777028278,49,545.1818182,119.5510204,31.315,7.190833333"
"2025-04-11 00:00:00,0,2025-04-11,""UB"",""CRDS.2"",473.775691482991,429.849558329111,453.442464121815,5.66406522752111,2.11481042128204,4.03558622445407,0.472502710519611,0.0188178215981185,0.163258422985481,0.779159693923852,0.762098308702926,0.772948633164426,49,545.1818182,119.5510204,31.21864407,6.895833333"
"2025-04-11 01:00:00,1,2025-04-11,""UB"",""CRDS.2"",489.570319587296,430.994819757277,457.51445650063,7.06514035006833,2.16609758089555,4.31921378584371,0.553562691362408,0.0222087758571592,0.183924945924148,0.801087676463731,0.785597779335704,0.791761108835481,47.4,545.1818182,119.5510204,31.21864407,6.143333333"
"2025-04-11 02:00:00,2,2025-04-11,""UB"",""CRDS.2"",491.460340707472,430.504624273129,453.756357946241,7.18825337913093,2.26883628732166,4.11532043289185,0.627437137641482,0.0281946023542982,0.188122473737,0.816156025058222,0.787606807789778,0.805243077212686,48.75,545.1818182,119.5510204,31.21864407,5.969166667"
"2025-04-11 03:00:00,3,2025-04-11,""UB"",""CRDS.2"",495.495590070083,429.006523710574,448.055056807111,7.73975464465341,2.18120608174686,3.89940066517963,0.668306112785389,0.0225843603278945,0.133308620266356,0.771210833758084,0.73393904184187,0.74889906170574,50.75,545.1818182,119.5510204,31.21864407,6.251666667"
"2025-04-11 04:00:00,4,2025-04-11,""UB"",""CRDS.2"",504.376214644695,430.756049787833,449.479348783112,8.00747729560639,2.23073989504278,3.82882484028408,0.66115442966537,0.0241323044891815,0.142984417140352,0.763316218350481,0.739109570345889,0.743788845291778,54,545.1818182,119.5510204,31.21864407,6.549166667"
"2025-04-11 05:00:00,5,2025-04-11,""UB"",""CRDS.2"",516.869525098398,430.245466328112,447.613349768425,9.12167155878658,2.20885130908074,3.61771005498297,0.65086907494512,0.0285288460829352,0.13678206705063,0.778965289120843,0.749764489065204,0.755489279184796,51,545.1818182,119.5510204,31.21864407,7.038333333"
"2025-04-11 06:00:00,6,2025-04-11,""UB"",""CRDS.2"",536.318797661407,430.519924726148,456.441045961574,11.482914930178,2.25703156379629,4.56616121117278,0.708368169586055,0.0288146790487186,0.142216155967889,0.794572318553148,0.76458785467463,0.771819530874259,51.5,545.1818182,119.5510204,31.21864407,8.2375"
"2025-04-11 07:00:00,7,2025-04-11,""UB"",""CRDS.2"",532.581299336544,429.0923379416,452.545977816333,11.9657511944415,2.27600351373056,4.377485163295,0.749089112670772,0.0321476865643069,0.131825961663723,0.810192238632822,0.781644683077363,0.787311187646722,52.5,545.1818182,119.5510204,31.21864407,11.62166667"
"2025-04-11 08:00:00,8,2025-04-11,""UB"",""CRDS.2"",515.689372628796,427.100537985482,446.461962549556,10.2480132513398,2.26636978414982,4.0513648706113,0.744014245483426,0.0307153231350167,0.160083708435778,0.82721466911987,0.800491540845741,0.804543511134611,53,545.1818182,119.5510204,31.21864407,14.85916667"
"2025-04-11 09:00:00,9,2025-04-11,""UB"",""CRDS.2"",503.405726421009,425.272202286241,441.394147781592,9.2244986056864,2.24822551552926,3.74927905669519,0.806496384832389,0.0331607845869889,0.148780777506222,0.845761353114796,0.811831148414574,0.816719624324852,48.5,545.1818182,119.5510204,31.21864407,15.85666667"
"2025-04-11 10:00:00,10,2025-04-11,""UB"",""CRDS.2"",506.307815279297,422.759638861186,442.185478148555,10.4596436733659,2.14629032192371,3.937594297515,0.799186066166204,0.0357848503527018,0.155446433694944,0.856396603694842,0.81441952488374,0.822594974431259,45.5,545.1818182,119.5510204,31.21864407,12.95166667"
"2025-04-11 11:00:00,11,2025-04-11,""UB"",""CRDS.2"",526.730343994704,422.115351364482,442.158420352019,12.0806116653154,2.15888947226259,4.3904348579463,0.87454487643975,0.0356401599087074,0.154446017415963,0.864318841546528,0.803160368370815,0.821771994363111,46,545.1818182,119.5510204,31.21864407,12.64833333"
"2025-04-11 12:00:00,12,2025-04-11,""UB"",""CRDS.2"",533.342932164398,422.314311368074,443.464242867185,12.562836591596,2.24472000405389,4.29089509550704,0.91189707763175,0.0343891568250519,0.145696575923537,0.869624151139056,0.8191869084855,0.832592835259741,45.5,545.1818182,119.5510204,31.21864407,13.685"
"2025-04-11 13:00:00,13,2025-04-11,""UB"",""CRDS.2"",509.721386124379,421.969772224908,441.0459684585,10.2721080350598,2.21870129298889,4.04836668940445,0.931046616571769,0.028702623364137,0.125579349421878,0.870470685344305,0.825262533242555,0.834632044784629,43.25,545.1818182,119.5510204,31.21864407,16.23666667"
"2025-04-11 14:00:00,14,2025-04-11,""UB"",""CRDS.2"",525.695787713167,421.069071613704,447.068401277518,11.3219238748555,2.22831629870037,4.58632601987,0.96696855612012,0.0321026947115963,0.176056575382037,0.889839630457861,0.838141321100444,0.854627855451444,47,545.1818182,119.5510204,31.21864407,17.26"
"2025-04-11 15:00:00,15,2025-04-11,""UB"",""CRDS.2"",515.431602482805,419.889768525555,441.057694765203,10.6069519255655,2.2430009878787,4.18637602066593,1.00353336134725,0.0353233489255945,0.164988276805963,0.891754780892463,0.8362283159715,0.849267428789167,45.25,545.1818182,119.5510204,31.21864407,16.01916667"
"2025-04-11 16:00:00,16,2025-04-11,""UB"",""CRDS.2"",524.913099822861,422.536080709278,428.756238298056,11.5399176328303,2.55871674321185,3.231767722765,1.20183581838713,0.0445405773396371,0.0949627942731242,0.914859852550148,0.83764507493724,0.849719936372703,45.25,545.1818182,119.5510204,31.21864407,15.745"
"2025-04-11 17:00:00,17,2025-04-11,""UB"",""CRDS.2"",557.432725130537,424.621091005241,426.251669013018,14.2697660324459,2.63635001346333,2.94258077757426,1.41845251759231,0.0453179685606037,0.0940831468630925,0.920861524259583,0.831917461145333,0.846659249543778,46.75,545.1818182,119.5510204,31.21864407,14.79166667"
"2025-04-11 18:00:00,18,2025-04-11,""UB"",""CRDS.2"",646.421931256945,421.709667628389,451.424917226815,21.5186771140963,2.30608671659037,5.46800188371259,1.93619961216093,0.0439583374294352,0.190304942070739,0.962819948681056,0.860625678910592,0.869761507914759,47.5,545.1818182,119.5510204,31.21864407,13.53833333"
"2025-04-11 19:00:00,19,2025-04-11,""UB"",""CRDS.2"",662.290062670079,432.916718659315,471.669599001741,22.7762475325477,2.72672355322685,6.47079526954907,1.78868389666897,0.0638632897566963,0.314523993674111,0.973607208114123,0.869249437190019,0.889660932502018,47,545.1818182,119.5510204,31.21864407,13.01083333"
"2025-04-11 20:00:00,20,2025-04-11,""UB"",""CRDS.2"",615.737245916167,435.385477479778,482.058574159426,17.223866525387,2.69548421305074,6.54747912118,1.44071685480129,0.0668422368841093,0.300210984716277,0.96698944103337,0.894979343194426,0.907642482034333,45.5,545.1818182,119.5510204,31.21864407,12.75916667"
"2025-04-11 21:00:00,21,2025-04-11,""UB"",""CRDS.2"",633.407127434074,445.476317108629,491.18487032526,18.4601904549694,3.16129829552111,6.87105903685518,1.41742850869731,0.0950316102166076,0.313711511419574,0.986070159279824,0.918675358992018,0.929282971643537,47.75,545.1818182,119.5510204,31.21864407,12.80833333"
"2025-04-11 22:00:00,22,2025-04-11,""UB"",""CRDS.2"",584.337265942861,438.261361763482,508.149464781463,13.9760969100239,2.56433437885315,8.02361936245222,1.16699942871779,0.0793716184390389,0.381645840843463,0.993688557853073,0.941739626964204,0.957635157865129,48,545.1818182,119.5510204,31.21864407,11.15333333"
"2025-04-11 23:00:00,23,2025-04-11,""UB"",""CRDS.2"",586.145494469703,430.096424578389,469.331575369297,14.8523126215741,2.34669530593889,5.97982775558704,1.36883919852935,0.035974755729126,0.193694124407204,1.0377801434837,0.973934908428537,0.987588313204445,45.5,545.1818182,119.5510204,31.21864407,9.908333333"
"2025-04-12 00:00:00,0,2025-04-12,""UB"",""CRDS.2"",647.25941534532,435.61847145,447.690327863833,19.6917824779001,2.75881518736204,4.38627892435407,1.49381073233394,0.0469058231384074,0.105348476459098,1.07680850325332,0.99942363789289,1.00825793328635,44.75,545.1818182,119.5510204,31.28305085,8.869166667"
"2025-04-12 01:00:00,1,2025-04-12,""UB"",""CRDS.2"",639.78575467007,433.795176108296,452.794179902278,18.6427718140544,2.51186863508944,4.62815152037629,1.61733976164688,0.0375484682496019,0.112771096586863,1.06549046775694,0.999608097955224,1.00713842108263,48.2,545.1818182,119.5510204,31.28305085,7.8525"
"2025-04-12 02:00:00,2,2025-04-12,""UB"",""CRDS.2"",610.882815743849,439.772856704019,454.175477930925,16.028035329104,2.25244741537241,4.66669304081148,1.4611181599951,0.0350997039553593,0.122630688387902,1.04136901104549,0.974329805550278,1.00474175211105,50.5,545.1818182,119.5510204,31.28305085,8.175833333"
"2025-04-12 03:00:00,3,2025-04-12,""UB"",""CRDS.2"",582.824768039192,441.766505823593,472.014945003926,13.5675283361853,2.43446193616574,5.26730783383093,1.30789844008523,0.0375957938764574,0.213755864417241,1.01023086081779,0.960192238944926,0.9810915864355,45.75,545.1818182,119.5510204,31.28305085,8.700833333"
"2025-04-12 04:00:00,4,2025-04-12,""UB"",""CRDS.2"",596.576564908787,439.241215973592,451.439372000297,14.5377333610221,2.30068769931519,3.14693726715612,1.30828201771352,0.0379198063950408,0.125290381903765,1.02911524859857,0.991510242578296,0.99239612390222,52.25,545.1818182,119.5510204,31.28305085,8.885"
"2025-04-12 05:00:00,5,2025-04-12,""UB"",""CRDS.2"",589.023494671795,440.020553881833,441.734959376093,13.825501546021,2.07586858115056,2.31243738671722,1.09611015255383,0.0265724636894593,0.0716136957648908,1.04457889776074,1.002568637623,1.00507266920419,48.25,545.1818182,119.5510204,31.28305085,9.3125"
"2025-04-12 06:00:00,6,2025-04-12,""UB"",""CRDS.2"",605.759242420777,442.168247397,456.516354826481,17.209531371955,2.19687603447222,3.67159036037093,1.03429312841113,0.0249055967116778,0.114816358250135,1.05493037671034,1.0126238833413,1.02117101935463,47.75,545.1818182,119.5510204,31.28305085,9.8525"
"2025-04-12 07:00:00,7,2025-04-12,""UB"",""CRDS.2"",623.318833466964,441.282825911333,477.274520726778,18.7011254838485,2.42889216476852,5.59232015193056,1.12425768742955,0.0455906373808963,0.212812803402241,1.06670524835552,1.00643267724624,1.02553818443648,49.25,545.1818182,119.5510204,31.28305085,10.31833333"
"2025-04-12 08:00:00,8,2025-04-12,""UB"",""CRDS.2"",582.815348659204,432.561565533852,463.017072966945,15.1692767032046,2.35832305054612,5.09092595778518,1.12576411667843,0.0387592406815611,0.204266167018667,1.05595471833935,0.98883066344324,1.01280144592298,50.25,545.1818182,119.5510204,31.28305085,10.82833333"
"2025-04-12 09:00:00,9,2025-04-12,""UB"",""CRDS.2"",589.196779612946,431.492494740648,451.87214608587,16.3544755345853,2.37786290022111,4.57169098362574,1.10519490077331,0.0405941802200629,0.111430164532192,1.05074877810199,0.996149664815925,1.00544432681337,50.5,545.1818182,119.5510204,31.28305085,13.40166667"
"2025-04-12 10:00:00,10,2025-04-12,""UB"",""CRDS.2"",549.852955510417,427.673642296723,440.651716182241,13.2280585870156,2.09828945549037,3.26298688254407,1.02020892270891,0.0250351670632963,0.108686447511589,1.04103808213463,0.991537953488684,1.00529461128293,47.5,545.1818182,119.5510204,31.28305085,18.76916667"
"2025-04-12 11:00:00,11,2025-04-12,""UB"",""CRDS.2"",556.059542865148,427.035841505519,431.110008028778,13.8111512329126,2.16827722071778,2.53812173298093,0.973590162380102,0.0249359663355481,0.0709867097613555,1.03897747338731,0.95415597620363,0.983635707135519,47,545.1818182,119.5510204,31.28305085,19.75583333"
"2025-04-12 12:00:00,12,2025-04-12,""UB"",""CRDS.2"",547.012106993083,426.27456295626,425.295955627815,12.7275307471661,2.25321735388815,2.2087129428713,1.07013967628209,0.0404580248826,0.0451003121532037,1.03334924193065,0.953459120039075,0.971096033598222,46.25,545.1818182,119.5510204,31.28305085,21.28583333"
"2025-04-12 13:00:00,13,2025-04-12,""UB"",""CRDS.2"",549.702073991074,422.674515530093,423.808438104963,12.996594362495,2.03629054037167,2.22186897448667,1.34488577566593,0.0315630289739445,0.0435907767935278,1.01491053438893,0.905133173211611,0.946377061380167,46,545.1818182,119.5510204,31.28305085,21.39333333"
"2025-04-12 14:00:00,14,2025-04-12,""UB"",""CRDS.2"",533.776571639166,422.535035105223,433.474936669685,11.8882781288018,2.10902543330148,3.14070728712167,1.46524277391694,0.0411557333117388,0.119063078690991,0.95781294715025,0.842635709352296,0.886605006583926,46.5,545.1818182,119.5510204,31.28305085,18.80666667"
"2025-04-12 15:00:00,15,2025-04-12,""UB"",""CRDS.2"",547.193464574769,422.370347858167,428.777873475389,12.9512156556563,2.1126727162563,2.74627587972704,1.243988020075,0.0389766515877296,0.0574077795347204,0.929588712854574,0.81495383674787,0.836250031923834,44.5,545.1818182,119.5510204,31.28305085,21.35333333"
"2025-04-12 16:00:00,16,2025-04-12,""UB"",""CRDS.2"",534.666921942413,423.507681535944,419.969950223685,12.1420324086211,2.35453902621019,2.03273537835278,1.12518042892492,0.0571640171719019,0.0387511577020611,0.915518083847044,0.790406169912241,0.800234943923611,44.75,545.1818182,119.5510204,31.28305085,19.65"
"2025-04-12 17:00:00,17,2025-04-12,""UB"",""CRDS.2"",576.205784373102,428.839571041741,419.391791194445,15.5169539970501,2.68748508307592,2.00207276637722,1.25840864974272,0.115951281137148,0.0367978352823555,0.817739334360148,0.69562724340487,0.737086044535759,46.75,545.1818182,119.5510204,31.28305085,15.295"
"2025-04-12 18:00:00,18,2025-04-12,""UB"",""CRDS.2"",627.02596136901,437.936817864203,420.5656338995,19.8200923181704,3.53858156775018,1.99376861732704,1.58287931915287,0.192862470200806,0.033426391160363,0.888596304281481,0.760690119039777,0.728073510109333,46.75,545.1818182,119.5510204,31.28305085,12.14916667"
"2025-04-12 19:00:00,19,2025-04-12,""UB"",""CRDS.2"",684.063484445102,427.544614836168,420.153980180667,24.5754693466167,2.64523288661037,2.02729230470297,1.46777868415278,0.061782848402644,0.0256172293855019,0.983620469516529,0.873630916704135,0.867048552511111,47.5,545.1818182,119.5510204,31.28305085,10.58333333"
"2025-04-12 20:00:00,20,2025-04-12,""UB"",""CRDS.2"",788.386514024765,449.284374371055,426.729877590166,32.3465744772158,3.81473573397203,2.00163826229315,1.64500502844406,0.0718306211908926,0.0211644153906907,1.02861324014344,0.893114057257296,0.871929969641315,47.25,545.1818182,119.5510204,31.28305085,9.678333333"
"2025-04-12 21:00:00,21,2025-04-12,""UB"",""CRDS.2"",786.602496992249,439.526312213926,436.285968279741,30.9505904887029,2.02197098026093,2.01782648275223,1.65491259555498,0.0361538441613277,0.0186684113011056,1.00155088909585,0.835672952520982,0.847247011127888,47.75,545.1818182,119.5510204,31.28305085,8.9425"
"2025-04-12 22:00:00,22,2025-04-12,""UB"",""CRDS.2"",756.877074375474,447.731608965815,440.594028385555,26.7542593846301,2.69030737607555,2.0123396488876,1.85555744783049,0.0838916354004388,0.0172409338223833,0.930715306986631,0.796127086391093,0.785847145125537,46.5,545.1818182,119.5510204,31.28305085,8.393333333"
"2025-04-12 23:00:00,23,2025-04-12,""UB"",""CRDS.2"",728.498088883931,443.09119385363,438.630099849722,24.7663234299885,2.41345646686704,2.02331373399723,1.52460977510785,0.0294765674948445,0.0164592271345926,0.922687900773475,0.846124679567,0.824646284095204,45.5,545.1818182,119.5510204,31.28305085,7.313333333"
"2025-04-13 00:00:00,0,2025-04-13,""UB"",""CRDS.2"",690.613560476694,449.954875303945,441.633172210759,21.6965660309889,2.64373377853981,2.02474448387945,1.44635937769037,0.0698035498617667,0.0169314283971167,0.935969663737546,0.868421075476148,0.85728702998187,49,545.1818182,119.5510204,31.075,8.0475"
"2025-04-13 01:00:00,1,2025-04-13,""UB"",""CRDS.2"",696.390708539444,461.531593504278,457.877397946111,20.9773033914889,2.37125618555593,2.06435075732111,1.3430857908025,0.0584153944830019,0.0159725500034055,0.932581519804759,0.877778450117722,0.859970318444759,49,545.1818182,119.5510204,31.075,7.1225"
"2025-04-13 02:00:00,2,2025-04-13,""UB"",""CRDS.2"",643.47235479762,440.325936740203,443.71593163237,17.3703375714693,2.03472857992574,2.03456772606518,1.20693361066489,0.0223863553742722,0.0171890071829611,0.954648556666333,0.916490355514277,0.91056556076063,49.75,545.1818182,119.5510204,31.075,7.5725"
"2025-04-13 03:00:00,3,2025-04-13,""UB"",""CRDS.2"",616.942951746963,449.352856852685,447.308498226611,14.8653613334477,2.09778145073092,2.03984126191019,0.886414247256454,0.0198986881341333,0.0140434580632314,0.929430481847,0.888552482373815,0.895392020006538,50.25,545.1818182,119.5510204,31.075,8.071666667"
"2025-04-13 04:00:00,4,2025-04-13,""UB"",""CRDS.2"",612.444747275537,512.887252222352,450.022741559629,14.1213756673677,2.17500548442315,2.05137821630833,0.91633610480337,0.0205159217586666,0.0134763036921019,0.918139663979584,0.896520720213907,0.879375757250686,52.75,545.1818182,119.5510204,31.075,8.995"
"2025-04-13 05:00:00,5,2025-04-13,""UB"",""CRDS.2"",601.380939677963,456.673733478648,449.399965479574,13.8404394990467,2.11122654009259,2.06603915304852,0.956105026643777,0.0181082758040074,0.0137652804407611,0.91886379873213,0.894418692933278,0.876443559761445,53,545.1818182,119.5510204,31.075,11.76333333"
"2025-04-13 06:00:00,6,2025-04-13,""UB"",""CRDS.2"",754.911455715487,453.174585168667,440.237507801389,30.4762928726143,2.25499547319241,2.09146250988333,1.03655408814793,0.0155177155210685,0.0165219786915815,0.967768100938921,0.894028961722185,0.890807650761759,51,545.1818182,119.5510204,31.075,16.02"
"2025-04-13 07:00:00,7,2025-04-13,""UB"",""CRDS.2"",685.563144601602,441.321346930037,435.930607665888,25.7950348402426,2.09040760047315,2.07760448388037,1.01343815073425,0.0168831604275759,0.015579366332163,0.981838427155648,0.907640045525481,0.903985170652426,49.25,545.1818182,119.5510204,31.075,19.66416667"
"2025-04-13 08:00:00,8,2025-04-13,""UB"",""CRDS.2"",638.16887093716,432.435251179537,433.516472181352,21.2130004423432,2.08738896477333,2.23649417007889,1.02579178456264,0.0178625401840778,0.0179926924396074,1.00430829603012,0.938524019727074,0.933923926365222,46.25,545.1818182,119.5510204,31.075,20.4425"
"2025-04-13 09:00:00,9,2025-04-13,""UB"",""CRDS.2"",606.654961361481,428.927972304259,428.397901720185,18.5776135348408,2.06671365895797,2.08107931611389,1.23250186617295,0.0224337757396259,0.027949999812076,1.04765282342972,0.955634533659814,0.962805657400444,49.5,545.1818182,119.5510204,31.075,22.9175"
"2025-04-13 10:00:00,10,2025-04-13,""UB"",""CRDS.2"",606.983853209611,424.902972597463,426.607394353481,18.5860057873657,2.05513724261074,2.2764939589324,1.70365578125092,0.027781428548013,0.0404725360993074,1.08653410380963,0.984230714707055,0.98869569927,46.25,545.1818182,119.5510204,31.075,22.21083333"
"2025-04-13 11:00:00,11,2025-04-13,""UB"",""CRDS.2"",562.482619328583,422.813994952981,428.514495513352,14.4453435858999,2.04436238724796,2.58513384526315,1.65206394111482,0.0335411631223074,0.0529911718992888,1.0896025427163,0.983856043098037,0.98247411480687,48.25,545.1818182,119.5510204,31.075,23.2575"
"2025-04-13 12:00:00,12,2025-04-13,""UB"",""CRDS.2"",560.639270933546,421.331708239148,423.685334128648,14.2349297912934,2.0334993169124,2.28965087306222,1.74517335137833,0.0363804999742463,0.057006549113487,1.10592496090398,1.00324146296635,1.01888768749263,46.75,545.1818182,119.5510204,31.075,23.03416667"
"2025-04-13 13:00:00,13,2025-04-13,""UB"",""CRDS.2"",503.388249024037,420.134622037944,421.965885470166,9.03767240090879,2.02840759124611,2.23480492703797,1.30274002895553,0.0383451630037186,0.0625635176493926,1.09526404685065,1.02220874217437,1.03600703784552,47.25,545.1818182,119.5510204,31.075,22.05166667"
"2025-04-13 14:00:00,14,2025-04-13,""UB"",""CRDS.2"",502.438052481898,420.091854388759,421.880102362037,9.2767015747512,2.03352316019315,2.35195776942389,1.11578041166371,0.0395636099494407,0.0678691923104111,1.11599632728019,1.04010112086278,1.06849251806982,50.75,545.1818182,119.5510204,31.075,19.90166667"
"2025-04-13 15:00:00,15,2025-04-13,""UB"",""CRDS.2"",502.440734587016,421.119319511815,439.297568191,9.0194613817932,2.07921696381074,3.71403596420131,0.879713813566925,0.0381574215304148,0.192190777342169,1.12244354283972,1.06158952616074,1.0833711280798,50.25,545.1818182,119.5510204,31.075,20.78416667"
"2025-04-13 16:00:00,16,2025-04-13,""UB"",""CRDS.2"",515.418160842065,423.90336409624,449.671599394759,10.1209495359676,2.15515602007222,4.34576554395704,0.914538909135556,0.0355713102732333,0.240370127446222,1.15086985582037,1.11750098729759,1.13642749382926,50,545.1818182,119.5510204,31.075,19.8125"
"2025-04-13 17:00:00,17,2025-04-13,""UB"",""CRDS.2"",529.202044381194,420.277200473129,453.178661806981,11.033603623698,2.08174036892833,4.83808152201444,1.03296193191378,0.0379501246365944,0.277680200473741,1.19783660706186,1.12135874954908,1.1664019611976,46.5,545.1818182,119.5510204,31.075,17.80416667"
"2025-04-13 18:00:00,18,2025-04-13,""UB"",""CRDS.2"",569.863537559592,422.965953224111,455.525186202611,14.3291721211774,2.21272381443241,4.98654470699685,1.32873376856494,0.0373899667105278,0.332421949448241,1.1874828115788,1.11337214915037,1.11823403129149,47,545.1818182,119.5510204,31.075,16.905"
"2025-04-13 19:00:00,19,2025-04-13,""UB"",""CRDS.2"",663.921427091592,429.172103367037,481.387171225963,21.3814955571306,2.21302686011926,6.75007605576593,1.92629452968843,0.0389263348244704,0.406768007533278,1.25996956253676,1.1451374837363,1.17567010135814,46.25,545.1818182,119.5510204,31.075,14.97583333"
"2025-04-13 20:00:00,20,2025-04-13,""UB"",""CRDS.2"",612.970203737491,432.040143198222,526.038910095352,16.7695868644954,2.297480748825,10.1021118121254,1.70209084711972,0.035538932022663,0.686604594148167,1.22084103968759,1.12408619541185,1.18110352769204,49,545.1818182,119.5510204,31.075,13.31833333"
"2025-04-13 21:00:00,21,2025-04-13,""UB"",""CRDS.2"",554.086634518185,429.743659356287,452.683692184778,12.2263663018503,2.32371173002574,4.07563215078722,1.25562556084668,0.0354873741443716,0.243271138793186,1.31309518350232,1.36380574875461,1.27839348645259,48.75,545.1818182,119.5510204,31.075,12.90333333"
"2025-04-13 22:00:00,22,2025-04-13,""UB"",""CRDS.2"",662.91415315756,437.877561645167,463.111818750889,19.6393724472146,2.2053880443537,4.19832529256148,2.23963549393747,0.0332341075630149,0.176087820170129,1.44616002391356,1.35246223768259,1.36698995710297,47.75,545.1818182,119.5510204,31.075,12.69583333"
"2025-04-13 23:00:00,23,2025-04-13,""UB"",""CRDS.2"",679.058634535815,441.450467376796,446.082650483778,20.2417723282593,2.08593674725982,2.66405915070833,2.16280088432037,0.0302935750542314,0.0934980360814518,1.42863216735768,1.34103446426352,1.34997650193685,48,545.1818182,119.5510204,31.075,11.44916667"
"2025-04-14 00:00:00,0,2025-04-14,""UB"",""CRDS.2"",632.152007980102,440.326257945055,440.903890845777,16.5129331396963,2.15307928467666,2.24090717419759,1.72417664016556,0.0261735295543222,0.0646381324101704,1.38737651375009,1.29858453512463,1.31508806436167,46.5,545.1818182,119.5510204,31.88,11.2"
"2025-04-14 01:00:00,1,2025-04-14,""UB"",""CRDS.2"",580.307772969117,441.456154593526,445.83520867137,12.0834850722865,2.20487907962715,2.54142227590926,1.35178699010343,0.0230818981570561,0.0740837262013926,1.30848511128203,1.26029559656254,1.27245440602593,47.4,545.1818182,119.5510204,31.88,10.4"
"2025-04-14 02:00:00,2,2025-04-14,""UB"",""CRDS.2"",597.801186544578,445.794302406852,460.410289647481,13.2110730719393,2.25187960543463,3.39513450548815,1.58799595792078,0.0257746315735982,0.126451410412319,1.27430295979623,1.2159649142563,1.24119337515481,50.5,545.1818182,119.5510204,31.88,9.66"
"2025-04-14 03:00:00,3,2025-04-14,""UB"",""CRDS.2"",699.202624867221,445.881896363611,448.139362810111,19.8058745968537,2.14902151841741,2.47463729177278,1.9255826291423,0.0503338349778981,0.0584497996789815,1.25026977581772,1.20771686085611,1.21669206058537,48.5,545.1818182,119.5510204,31.88,9.51"
"2025-04-14 04:00:00,4,2025-04-14,""UB"",""CRDS.2"",632.821854523419,458.77807837926,450.215704866852,15.0440383888463,2.72686380646519,2.41903412868981,1.57557549581944,0.0756223051445036,0.0584462054637426,1.20632130293512,1.16015091285592,1.18335760017704,51.5,545.1818182,119.5510204,31.88,9.55"
"2025-04-14 05:00:00,5,2025-04-14,""UB"",""CRDS.2"",765.421125473316,449.2794618885,460.998795080981,25.8100217461265,2.08700458036797,2.92768207499963,1.74794426268795,0.0255677943020019,0.0791653308672145,1.19170129161668,1.14313876454148,1.15376164785537,53.25,545.1818182,119.5510204,31.88,12.76"
"2025-04-14 06:00:00,6,2025-04-14,""UB"",""CRDS.2"",689.475422959376,459.198978622371,459.322189995648,21.4228724311827,2.20018007907019,2.47104974003963,1.41895339699975,0.0208092574963185,0.0778188916864442,1.16767172212705,1.12815009711371,1.13133026778871,50,545.1818182,119.5510204,31.88,17.38"
"2025-04-14 07:00:00,7,2025-04-14,""UB"",""CRDS.2"",650.89699130813,450.588689200685,465.930767338945,19.287818502841,2.26113698891407,3.38477803579315,1.38495650344953,0.0306135985940259,0.110460401746066,1.20919311512348,1.1805179315887,1.16346926187166,48.75,545.1818182,119.5510204,31.88,19.85"
"2025-04-14 08:00:00,8,2025-04-14,""UB"",""CRDS.2"",546.223224876509,439.287443895889,449.273796115926,10.9041119990991,2.18443703475,2.78412093005445,1.21339725034111,0.0345357222872259,0.108792240972691,1.260123186985,1.21634785508574,1.21260968326186,50,545.1818182,119.5510204,31.88,21.23"
"2025-04-14 09:00:00,9,2025-04-14,""UB"",""CRDS.2"",533.894158241463,435.852135811519,455.069578658944,10.4042618896278,2.22913120352796,3.80827982075185,1.25494514512051,0.0431741054650167,0.232188029548926,1.32082809642944,1.25295336527889,1.27835148287426,50.25,545.1818182,119.5510204,31.88,23.6"
"2025-04-14 10:00:00,10,2025-04-14,""UB"",""CRDS.2"",521.284410622034,432.599068748556,455.684275349166,9.57630693485794,2.26444494177574,4.18103338221371,1.17409640059303,0.0461362455316259,0.219986040152221,1.3152332596826,1.25465847781815,1.27462121330408,45.5,545.1818182,119.5510204,31.88,23.74"
"2025-04-14 11:00:00,11,2025-04-14,""UB"",""CRDS.2"",553.074911267296,426.5239157215,433.488582185333,13.8122874438304,2.18886086346833,2.8499295740763,1.48097451491747,0.0480410230312111,0.105666823305291,1.33344632695019,1.22457019203426,1.25426250488833,50.5,545.1818182,119.5510204,31.88,24.36"
"2025-04-14 12:00:00,12,2025-04-14,""UB"",""CRDS.2"",580.360065683685,426.431446008444,438.88603507513,16.2920137721685,2.27195135795592,3.51991936166741,1.74347708651991,0.0517436868948555,0.203647039504649,1.23839465895093,1.09813050433963,1.15902824952519,49,545.1818182,119.5510204,31.88,22.98"
"2025-04-14 13:00:00,13,2025-04-14,""UB"",""CRDS.2"",555.073372987601,424.9047877675,441.417062832469,13.5245970025137,2.28368549534519,3.8768866672107,1.57541883559306,0.0565386966780574,0.179529555025539,1.05877383965054,0.830833458126463,0.950014716737235,46.75,545.1818182,119.5510204,31.88,22.7"
"2025-04-14 14:00:00,14,2025-04-14,""UB"",""CRDS.2"",537.172287057648,423.157556943167,441.851962284981,12.409556741083,2.34615665008296,4.10324212836722,1.40260702480628,0.0599434597581648,0.236416357053223,0.91446937000487,0.807595682257759,0.815294422016204,46.5,545.1818182,119.5510204,31.88,22.42"
"2025-04-14 15:00:00,15,2025-04-14,""UB"",""CRDS.2"",617.739422554296,428.616248806537,442.773534529871,19.0254823384713,2.7515469210174,4.10841492829722,2.18297666416741,0.0869438494229946,0.231316618253796,0.966464763946824,0.789177016592722,0.810227295469648,48.75,545.1818182,119.5510204,31.88,23.67"
"2025-04-14 16:00:00,16,2025-04-14,""UB"",""CRDS.2"",584.846153051916,421.778782557593,450.130365993815,15.5703840378296,2.11576243814685,4.65939294900815,1.92958598784509,0.0643580638709519,0.252333238700722,0.916591181768065,0.739411833176944,0.775964352684759,48.5,545.1818182,119.5510204,31.88,22.06"
"2025-04-14 17:00:00,17,2025-04-14,""UB"",""CRDS.2"",588.743257394269,436.027690607908,453.63999278987,15.8308355626432,3.32055045152203,4.91558510651018,1.79094922648954,0.126655541082424,0.276421366151977,0.891666046779509,0.728825457123037,0.771019899563296,49,545.1818182,119.5510204,31.88,17.88"
"2025-04-14 18:00:00,18,2025-04-14,""UB"",""CRDS.2"",606.626698045509,430.459531520574,420.604541375408,17.0851627183307,3.0401561145637,2.04094619066297,1.83220588494238,0.110251208450124,0.052865424533637,0.901876743413684,0.789906673531611,0.724173758093278,51,545.1818182,119.5510204,31.88,15.07"
"2025-04-14 19:00:00,19,2025-04-14,""UB"",""CRDS.2"",660.500330960705,458.568620526019,422.912306352537,22.149437551061,5.00641484915148,2.03338913926019,2.22144513537027,0.233975378407508,0.0360424528171352,1.04429876360868,0.895690354640204,0.874154917223037,50,545.1818182,119.5510204,31.88,13.48"
"2025-04-14 20:00:00,20,2025-04-14,""UB"",""CRDS.2"",801.511159306583,432.966441045685,431.349515907351,33.3214705689435,2.45610510769907,2.10894520191686,2.44719896960954,0.103647308695481,0.0386086677357463,1.02951496470497,0.818638805900278,0.823547635624722,48,545.1818182,119.5510204,31.88,12.01"
"2025-04-14 21:00:00,21,2025-04-14,""UB"",""CRDS.2"",827.927542255788,442.402232454407,430.446142648241,33.5699245750324,2.72837893961537,2.09955168395074,2.70182702645869,0.079870645091452,0.0386864947435574,1.02320472292,0.825066235117018,0.811365534751,47.5,545.1818182,119.5510204,31.88,11.59"
"2025-04-14 22:00:00,22,2025-04-14,""UB"",""CRDS.2"",741.055467281167,479.089417231037,457.482253886259,24.7589397795954,4.19903459901759,2.31136092336926,1.84191694940435,0.135538335172951,0.0241097174288537,0.971387264242639,0.843345988054129,0.82044513180087,47.5,545.1818182,119.5510204,31.88,11.35"
"2025-04-14 23:00:00,23,2025-04-14,""UB"",""CRDS.2"",756.611885233168,460.519432155377,457.25317164762,25.2999224303475,2.30184013698529,2.15951641801423,1.66201270759368,0.087834096225664,0.0225257589522564,0.977582605177979,0.83681988705905,0.832000277081414,49,545.1818182,119.5510204,31.88,12.2"
"2025-04-15 00:00:00,0,2025-04-15,""UB"",""CRDS.2"",739.016240207314,495.542536681204,484.750056285704,22.1418360011759,2.96608734533648,2.1929019933837,1.7133089891926,0.136174698506556,0.0220490621543463,0.996302095134277,0.90729544756737,0.880053539450667,49,545.1818182,119.5510204,31.62166667,12.92"
"2025-04-15 01:00:00,1,2025-04-15,""UB"",""CRDS.2"",645.418306533395,475.637144542093,468.548298738611,15.1016407164109,2.81926519758815,2.16199095218056,1.24039034482744,0.101601169960982,0.0228963783683074,1.04894473290602,1.00608950603019,0.97129335512613,48,545.1818182,119.5510204,31.62166667,11.38"
"2025-04-15 02:00:00,2,2025-04-15,""UB"",""CRDS.2"",649.733427677889,469.182541879667,460.448517734278,16.3468189101324,3.10333297769074,2.10442711258574,1.23782911875652,0.162556955668241,0.0250149099337722,1.10448207678481,1.03418392557685,1.01178666908711,50,545.1818182,119.5510204,31.62166667,11.81"
"2025-04-15 03:00:00,3,2025-04-15,""UB"",""CRDS.2"",570.315460004306,460.812666660241,453.820988396667,10.9432084139572,2.53764668707259,2.12823220593426,0.763011817614713,0.12406298241613,0.0211546510945574,1.10659623673639,1.080910728545,1.06084668983093,50,545.1818182,119.5510204,31.62166667,12.43"
"2025-04-15 04:00:00,4,2025-04-15,""UB"",""CRDS.2"",659.436078256224,465.80689393326,450.350871997201,17.4394909910076,3.09947365015796,2.11713209789407,1.09167442088821,0.114006038331257,0.0234188263175787,1.19221962614467,1.13720417609,1.11966905442052,50.5,545.1818182,119.5510204,31.62166667,12.06"
"2025-04-15 05:00:00,5,2025-04-15,""UB"",""CRDS.2"",662.16216080767,485.784347822889,444.309195309926,18.7303258891625,3.80621191888759,2.0779286006637,1.29697298282557,0.105876980852189,0.0227439040445148,1.21533047046509,1.15102067043111,1.13537553347463,54.25,545.1818182,119.5510204,31.62166667,16.18"
"2025-04-15 06:00:00,6,2025-04-15,""UB"",""CRDS.2"",801.610378354673,475.130518074187,445.622529419963,33.7523806974434,2.43769918162439,2.0912626088813,1.66147237517787,0.0590315272902718,0.0217447439338278,1.23252731880984,1.14239348052114,1.13257881357629,51,545.1818182,119.5510204,31.62166667,19.98"
"2025-04-15 07:00:00,7,2025-04-15,""UB"",""CRDS.2"",785.371515751917,461.116274658604,437.933826623959,33.0340364031219,2.3746743340237,2.06497982601224,1.88113406041471,0.0539428105826617,0.0237945692078338,1.27477123228563,1.18185035119331,1.1716957684101,50.25,545.1818182,119.5510204,31.62166667,22.18"
"2025-04-15 08:00:00,8,2025-04-15,""UB"",""CRDS.2"",711.827728559173,NA,434.310996977398,26.31956777991,NA,2.06915192183048,1.83961853973955,NA,0.0246741568936059,1.31700154571202,NA,1.20122791141413,49,545.1818182,119.5510204,31.62166667,24.37"
"2025-04-15 09:00:00,9,2025-04-15,""UB"",""CRDS.2"",655.250572968481,NA,NA,21.6339225755259,NA,NA,1.54873300419259,NA,NA,1.31386948118148,NA,NA,51.75,545.1818182,119.5510204,31.62166667,24.64"
,NA,NA,NA,NA,NA,NA,NA,NA,NA,NA,NA,NA,NA,NA,NA,NA,NA,NA,NA,NA,NA
,NA,NA,NA,NA,NA,NA,NA,NA,NA,NA,NA,NA,NA,NA,NA,NA,NA,NA,NA,NA,NA
,NA,NA,NA,NA,NA,NA,NA,NA,NA,NA,NA,NA,NA,NA,NA,NA,NA,NA,NA,NA,NA
,NA,NA,NA,NA,NA,NA,NA,NA,NA,NA,NA,NA,NA,NA,NA,NA,NA,NA,NA,NA,NA
,NA,NA,NA,NA,NA,NA,NA,NA,NA,NA,NA,NA,NA,NA,NA,NA,NA,NA,NA,NA,NA
,NA,NA,NA,NA,NA,NA,NA,NA,NA,NA,NA,NA,NA,NA,NA,NA,NA,NA,NA,NA,NA
,NA,NA,NA,NA,NA,NA,NA,NA,NA,NA,NA,NA,NA,NA,NA,NA,NA,NA,NA,NA,NA
,NA,NA,NA,NA,NA,NA,NA,NA,NA,NA,NA,NA,NA,NA,NA,NA,NA,NA,NA,NA,NA
,NA,NA,NA,NA,NA,NA,NA,NA,NA,NA,NA,NA,NA,NA,NA,NA,NA,NA,NA,NA,NA
,NA,NA,NA,NA,NA,NA,NA,NA,NA,NA,NA,NA,NA,NA,NA,NA,NA,NA,NA,NA,NA
,NA,NA,NA,NA,NA,NA,NA,NA,NA,NA,NA,NA,NA,NA,NA,NA,NA,NA,NA,NA,NA
,NA,NA,NA,NA,NA,NA,NA,NA,NA,NA,NA,NA,NA,NA,NA,NA,NA,NA,NA,NA,NA
,NA,NA,NA,NA,NA,NA,NA,NA,NA,NA,NA,NA,NA,NA,NA,NA,NA,NA,NA,NA,NA
,NA,NA,NA,NA,NA,NA,NA,NA,NA,NA,NA,NA,NA,NA,NA,NA,NA,NA,NA,NA,NA
,NA,NA,NA,NA,NA,NA,NA,NA,NA,NA,NA,NA,NA,NA,NA,NA,NA,NA,NA,NA,NA
,NA,NA,NA,NA,NA,NA,NA,NA,NA,NA,NA,NA,NA,NA,NA,NA,NA,NA,NA,NA,NA
,NA,NA,NA,NA,NA,NA,NA,NA,NA,NA,NA,NA,NA,NA,NA,NA,NA,NA,NA,NA,NA
,NA,NA,NA,NA,NA,NA,NA,NA,NA,NA,NA,NA,NA,NA,NA,NA,NA,NA,NA,NA,NA
,NA,NA,NA,NA,NA,NA,NA,NA,NA,NA,NA,NA,NA,NA,NA,NA,NA,NA,NA,NA,NA
,NA,NA,NA,NA,NA,NA,NA,NA,NA,NA,NA,NA,NA,NA,NA,NA,NA,NA,NA,NA,NA
,NA,NA,NA,NA,NA,NA,NA,NA,NA,NA,NA,NA,NA,NA,NA,NA,NA,NA,NA,NA,NA
,NA,NA,NA,NA,NA,NA,NA,NA,NA,NA,NA,NA,NA,NA,NA,NA,NA,NA,NA,NA,NA
,NA,NA,NA,NA,NA,NA,NA,NA,NA,NA,NA,NA,NA,NA,NA,NA,NA,NA,NA,NA,NA
,NA,NA,NA,NA,NA,NA,NA,NA,NA,NA,NA,NA,NA,NA,NA,NA,NA,NA,NA,NA,NA
,NA,NA,NA,NA,NA,NA,NA,NA,NA,NA,NA,NA,NA,NA,NA,NA,NA,NA,NA,NA,NA
,NA,NA,NA,NA,NA,NA,NA,NA,NA,NA,NA,NA,NA,NA,NA,NA,NA,NA,NA,NA,NA
,NA,NA,NA,NA,NA,NA,NA,NA,NA,NA,NA,NA,NA,NA,NA,NA,NA,NA,NA,NA,NA
,NA,NA,NA,NA,NA,NA,NA,NA,NA,NA,NA,NA,NA,NA,NA,NA,NA,NA,NA,NA,NA
,NA,NA,NA,NA,NA,NA,NA,NA,NA,NA,NA,NA,NA,NA,NA,NA,NA,NA,NA,NA,NA
,NA,NA,NA,NA,NA,NA,NA,NA,NA,NA,NA,NA,NA,NA,NA,NA,NA,NA,NA,NA,NA
,NA,NA,NA,NA,NA,NA,NA,NA,NA,NA,NA,NA,NA,NA,NA,NA,NA,NA,NA,NA,NA
,NA,NA,NA,NA,NA,NA,NA,NA,NA,NA,NA,NA,NA,NA,NA,NA,NA,NA,NA,NA,NA
,NA,NA,NA,NA,NA,NA,NA,NA,NA,NA,NA,NA,NA,NA,NA,NA,NA,NA,NA,NA,NA
,NA,NA,NA,NA,NA,NA,NA,NA,NA,NA,NA,NA,NA,NA,NA,NA,NA,NA,NA,NA,NA
,NA,NA,NA,NA,NA,NA,NA,NA,NA,NA,NA,NA,NA,NA,NA,NA,NA,NA,NA,NA,NA
,NA,NA,NA,NA,NA,NA,NA,NA,NA,NA,NA,NA,NA,NA,NA,NA,NA,NA,NA,NA,NA
,NA,NA,NA,NA,NA,NA,NA,NA,NA,NA,NA,NA,NA,NA,NA,NA,NA,NA,NA,NA,NA
,NA,NA,NA,NA,NA,NA,NA,NA,NA,NA,NA,NA,NA,NA,NA,NA,NA,NA,NA,NA,NA
,NA,NA,NA,NA,NA,NA,NA,NA,NA,NA,NA,NA,NA,NA,NA,NA,NA,NA,NA,NA,NA
,NA,NA,NA,NA,NA,NA,NA,NA,NA,NA,NA,NA,NA,NA,NA,NA,NA,NA,NA,NA,NA
,NA,NA,NA,NA,NA,NA,NA,NA,NA,NA,NA,NA,NA,NA,NA,NA,NA,NA,NA,NA,NA
,NA,NA,NA,NA,NA,NA,NA,NA,NA,NA,NA,NA,NA,NA,NA,NA,NA,NA,NA,NA,NA
,NA,NA,NA,NA,NA,NA,NA,NA,NA,NA,NA,NA,NA,NA,NA,NA,NA,NA,NA,NA,NA
,NA,NA,NA,NA,NA,NA,NA,NA,NA,NA,NA,NA,NA,NA,NA,NA,NA,NA,NA,NA,NA
,NA,NA,NA,NA,NA,NA,NA,NA,NA,NA,NA,NA,NA,NA,NA,NA,NA,NA,NA,NA,NA
,NA,NA,NA,NA,NA,NA,NA,NA,NA,NA,NA,NA,NA,NA,NA,NA,NA,NA,NA,NA,NA
,NA,NA,NA,NA,NA,NA,NA,NA,NA,NA,NA,NA,NA,NA,NA,NA,NA,NA,NA,NA,NA
,NA,NA,NA,NA,NA,NA,NA,NA,NA,NA,NA,NA,NA,NA,NA,NA,NA,NA,NA,NA,NA
,NA,NA,NA,NA,NA,NA,NA,NA,NA,NA,NA,NA,NA,NA,NA,NA,NA,NA,NA,NA,NA
,NA,NA,NA,NA,NA,NA,NA,NA,NA,NA,NA,NA,NA,NA,NA,NA,NA,NA,NA,NA,NA
,NA,NA,NA,NA,NA,NA,NA,NA,NA,NA,NA,NA,NA,NA,NA,NA,NA,NA,NA,NA,NA
,NA,NA,NA,NA,NA,NA,NA,NA,NA,NA,NA,NA,NA,NA,NA,NA,NA,NA,NA,NA,NA
,NA,NA,NA,NA,NA,NA,NA,NA,NA,NA,NA,NA,NA,NA,NA,NA,NA,NA,NA,NA,NA
,NA,NA,NA,NA,NA,NA,NA,NA,NA,NA,NA,NA,NA,NA,NA,NA,NA,NA,NA,NA,NA
,NA,NA,NA,NA,NA,NA,NA,NA,NA,NA,NA,NA,NA,NA,NA,NA,NA,NA,NA,NA,NA
,NA,NA,NA,NA,NA,NA,NA,NA,NA,NA,NA,NA,NA,NA,NA,NA,NA,NA,NA,NA,NA
,NA,NA,NA,NA,NA,NA,NA,NA,NA,NA,NA,NA,NA,NA,NA,NA,NA,NA,NA,NA,NA
,NA,NA,NA,NA,NA,NA,NA,NA,NA,NA,NA,NA,NA,NA,NA,NA,NA,NA,NA,NA,NA
,NA,NA,NA,NA,NA,NA,NA,NA,NA,NA,NA,NA,NA,NA,NA,NA,NA,NA,NA,NA,NA
,NA,NA,NA,NA,NA,NA,NA,NA,NA,NA,NA,NA,NA,NA,NA,NA,NA,NA,NA,NA,NA
,NA,NA,NA,NA,NA,NA,NA,NA,NA,NA,NA,NA,NA,NA,NA,NA,NA,NA,NA,NA,NA
,NA,NA,NA,NA,NA,NA,NA,NA,NA,NA,NA,NA,NA,NA,NA,NA,NA,NA,NA,NA,NA
,NA,NA,NA,NA,NA,NA,NA,NA,NA,NA,NA,NA,NA,NA,NA,NA,NA,NA,NA,NA,NA
,NA,NA,NA,NA,NA,NA,NA,NA,NA,NA,NA,NA,NA,NA,NA,NA,NA,NA,NA,NA,NA
,NA,NA,NA,NA,NA,NA,NA,NA,NA,NA,NA,NA,NA,NA,NA,NA,NA,NA,NA,NA,NA
,NA,NA,NA,NA,NA,NA,NA,NA,NA,NA,NA,NA,NA,NA,NA,NA,NA,NA,NA,NA,NA
,NA,NA,NA,NA,NA,NA,NA,NA,NA,NA,NA,NA,NA,NA,NA,NA,NA,NA,NA,NA,NA
,NA,NA,NA,NA,NA,NA,NA,NA,NA,NA,NA,NA,NA,NA,NA,NA,NA,NA,NA,NA,NA
,NA,NA,NA,NA,NA,NA,NA,NA,NA,NA,NA,NA,NA,NA,NA,NA,NA,NA,NA,NA,NA
,NA,NA,NA,NA,NA,NA,NA,NA,NA,NA,NA,NA,NA,NA,NA,NA,NA,NA,NA,NA,NA
,NA,NA,NA,NA,NA,NA,NA,NA,NA,NA,NA,NA,NA,NA,NA,NA,NA,NA,NA,NA,NA
,NA,NA,NA,NA,NA,NA,NA,NA,NA,NA,NA,NA,NA,NA,NA,NA,NA,NA,NA,NA,NA
,NA,NA,NA,NA,NA,NA,NA,NA,NA,NA,NA,NA,NA,NA,NA,NA,NA,NA,NA,NA,NA
,NA,NA,NA,NA,NA,NA,NA,NA,NA,NA,NA,NA,NA,NA,NA,NA,NA,NA,NA,NA,NA
,NA,NA,NA,NA,NA,NA,NA,NA,NA,NA,NA,NA,NA,NA,NA,NA,NA,NA,NA,NA,NA
,NA,NA,NA,NA,NA,NA,NA,NA,NA,NA,NA,NA,NA,NA,NA,NA,NA,NA,NA,NA,NA
,NA,NA,NA,NA,NA,NA,NA,NA,NA,NA,NA,NA,NA,NA,NA,NA,NA,NA,NA,NA,NA
,NA,NA,NA,NA,NA,NA,NA,NA,NA,NA,NA,NA,NA,NA,NA,NA,NA,NA,NA,NA,NA
,NA,NA,NA,NA,NA,NA,NA,NA,NA,NA,NA,NA,NA,NA,NA,NA,NA,NA,NA,NA,NA
,NA,NA,NA,NA,NA,NA,NA,NA,NA,NA,NA,NA,NA,NA,NA,NA,NA,NA,NA,NA,NA
,NA,NA,NA,NA,NA,NA,NA,NA,NA,NA,NA,NA,NA,NA,NA,NA,NA,NA,NA,NA,NA
,NA,NA,NA,NA,NA,NA,NA,NA,NA,NA,NA,NA,NA,NA,NA,NA,NA,NA,NA,NA,NA
,NA,NA,NA,NA,NA,NA,NA,NA,NA,NA,NA,NA,NA,NA,NA,NA,NA,NA,NA,NA,NA
,NA,NA,NA,NA,NA,NA,NA,NA,NA,NA,NA,NA,NA,NA,NA,NA,NA,NA,NA,NA,NA
,NA,NA,NA,NA,NA,NA,NA,NA,NA,NA,NA,NA,NA,NA,NA,NA,NA,NA,NA,NA,NA
,NA,NA,NA,NA,NA,NA,NA,NA,NA,NA,NA,NA,NA,NA,NA,NA,NA,NA,NA,NA,NA
,NA,NA,NA,NA,NA,NA,NA,NA,NA,NA,NA,NA,NA,NA,NA,NA,NA,NA,NA,NA,NA
,NA,NA,NA,NA,NA,NA,NA,NA,NA,NA,NA,NA,NA,NA,NA,NA,NA,NA,NA,NA,NA
,NA,NA,NA,NA,NA,NA,NA,NA,NA,NA,NA,NA,NA,NA,NA,NA,NA,NA,NA,NA,NA
,NA,NA,NA,NA,NA,NA,NA,NA,NA,NA,NA,NA,NA,NA,NA,NA,NA,NA,NA,NA,NA
,NA,NA,NA,NA,NA,NA,NA,NA,NA,NA,NA,NA,NA,NA,NA,NA,NA,NA,NA,NA,NA
,NA,NA,NA,NA,NA,NA,NA,NA,NA,NA,NA,NA,NA,NA,NA,NA,NA,NA,NA,NA,NA
,NA,NA,NA,NA,NA,NA,NA,NA,NA,NA,NA,NA,NA,NA,NA,NA,NA,NA,NA,NA,NA
,NA,NA,NA,NA,NA,NA,NA,NA,NA,NA,NA,NA,NA,NA,NA,NA,NA,NA,NA,NA,NA
,NA,NA,NA,NA,NA,NA,NA,NA,NA,NA,NA,NA,NA,NA,NA,NA,NA,NA,NA,NA,NA
,NA,NA,NA,NA,NA,NA,NA,NA,NA,NA,NA,NA,NA,NA,NA,NA,NA,NA,NA,NA,NA
,NA,NA,NA,NA,NA,NA,NA,NA,NA,NA,NA,NA,NA,NA,NA,NA,NA,NA,NA,NA,NA
,NA,NA,NA,NA,NA,NA,NA,NA,NA,NA,NA,NA,NA,NA,NA,NA,NA,NA,NA,NA,NA
,NA,NA,NA,NA,NA,NA,NA,NA,NA,NA,NA,NA,NA,NA,NA,NA,NA,NA,NA,NA,NA
,NA,NA,NA,NA,NA,NA,NA,NA,NA,NA,NA,NA,NA,NA,NA,NA,NA,NA,NA,NA,NA
,NA,NA,NA,NA,NA,NA,NA,NA,NA,NA,NA,NA,NA,NA,NA,NA,NA,NA,NA,NA,NA
,NA,NA,NA,NA,NA,NA,NA,NA,NA,NA,NA,NA,NA,NA,NA,NA,NA,NA,NA,NA,NA
,NA,NA,NA,NA,NA,NA,NA,NA,NA,NA,NA,NA,NA,NA,NA,NA,NA,NA,NA,NA,NA
,NA,NA,NA,NA,NA,NA,NA,NA,NA,NA,NA,NA,NA,NA,NA,NA,NA,NA,NA,NA,NA
,NA,NA,NA,NA,NA,NA,NA,NA,NA,NA,NA,NA,NA,NA,NA,NA,NA,NA,NA,NA,NA
,NA,NA,NA,NA,NA,NA,NA,NA,NA,NA,NA,NA,NA,NA,NA,NA,NA,NA,NA,NA,NA
,NA,NA,NA,NA,NA,NA,NA,NA,NA,NA,NA,NA,NA,NA,NA,NA,NA,NA,NA,NA,NA
,NA,NA,NA,NA,NA,NA,NA,NA,NA,NA,NA,NA,NA,NA,NA,NA,NA,NA,NA,NA,NA
,NA,NA,NA,NA,NA,NA,NA,NA,NA,NA,NA,NA,NA,NA,NA,NA,NA,NA,NA,NA,NA
,NA,NA,NA,NA,NA,NA,NA,NA,NA,NA,NA,NA,NA,NA,NA,NA,NA,NA,NA,NA,NA
,NA,NA,NA,NA,NA,NA,NA,NA,NA,NA,NA,NA,NA,NA,NA,NA,NA,NA,NA,NA,NA
,NA,NA,NA,NA,NA,NA,NA,NA,NA,NA,NA,NA,NA,NA,NA,NA,NA,NA,NA,NA,NA
,NA,NA,NA,NA,NA,NA,NA,NA,NA,NA,NA,NA,NA,NA,NA,NA,NA,NA,NA,NA,NA
,NA,NA,NA,NA,NA,NA,NA,NA,NA,NA,NA,NA,NA,NA,NA,NA,NA,NA,NA,NA,NA
,NA,NA,NA,NA,NA,NA,NA,NA,NA,NA,NA,NA,NA,NA,NA,NA,NA,NA,NA,NA,NA
,NA,NA,NA,NA,NA,NA,NA,NA,NA,NA,NA,NA,NA,NA,NA,NA,NA,NA,NA,NA,NA
,NA,NA,NA,NA,NA,NA,NA,NA,NA,NA,NA,NA,NA,NA,NA,NA,NA,NA,NA,NA,NA
,NA,NA,NA,NA,NA,NA,NA,NA,NA,NA,NA,NA,NA,NA,NA,NA,NA,NA,NA,NA,NA
,NA,NA,NA,NA,NA,NA,NA,NA,NA,NA,NA,NA,NA,NA,NA,NA,NA,NA,NA,NA,NA
,NA,NA,NA,NA,NA,NA,NA,NA,NA,NA,NA,NA,NA,NA,NA,NA,NA,NA,NA,NA,NA
,NA,NA,NA,NA,NA,NA,NA,NA,NA,NA,NA,NA,NA,NA,NA,NA,NA,NA,NA,NA,NA
,NA,NA,NA,NA,NA,NA,NA,NA,NA,NA,NA,NA,NA,NA,NA,NA,NA,NA,NA,NA,NA
,NA,NA,NA,NA,NA,NA,NA,NA,NA,NA,NA,NA,NA,NA,NA,NA,NA,NA,NA,NA,NA
,NA,NA,NA,NA,NA,NA,NA,NA,NA,NA,NA,NA,NA,NA,NA,NA,NA,NA,NA,NA,NA
,NA,NA,NA,NA,NA,NA,NA,NA,NA,NA,NA,NA,NA,NA,NA,NA,NA,NA,NA,NA,NA
,NA,NA,NA,NA,NA,NA,NA,NA,NA,NA,NA,NA,NA,NA,NA,NA,NA,NA,NA,NA,NA
,NA,NA,NA,NA,NA,NA,NA,NA,NA,NA,NA,NA,NA,NA,NA,NA,NA,NA,NA,NA,NA
,NA,NA,NA,NA,NA,NA,NA,NA,NA,NA,NA,NA,NA,NA,NA,NA,NA,NA,NA,NA,NA
,NA,NA,NA,NA,NA,NA,NA,NA,NA,NA,NA,NA,NA,NA,NA,NA,NA,NA,NA,NA,NA
,NA,NA,NA,NA,NA,NA,NA,NA,NA,NA,NA,NA,NA,NA,NA,NA,NA,NA,NA,NA,NA
,NA,NA,NA,NA,NA,NA,NA,NA,NA,NA,NA,NA,NA,NA,NA,NA,NA,NA,NA,NA,NA
,NA,NA,NA,NA,NA,NA,NA,NA,NA,NA,NA,NA,NA,NA,NA,NA,NA,NA,NA,NA,NA
,NA,NA,NA,NA,NA,NA,NA,NA,NA,NA,NA,NA,NA,NA,NA,NA,NA,NA,NA,NA,NA
,NA,NA,NA,NA,NA,NA,NA,NA,NA,NA,NA,NA,NA,NA,NA,NA,NA,NA,NA,NA,NA
,NA,NA,NA,NA,NA,NA,NA,NA,NA,NA,NA,NA,NA,NA,NA,NA,NA,NA,NA,NA,NA
,NA,NA,NA,NA,NA,NA,NA,NA,NA,NA,NA,NA,NA,NA,NA,NA,NA,NA,NA,NA,NA
,NA,NA,NA,NA,NA,NA,NA,NA,NA,NA,NA,NA,NA,NA,NA,NA,NA,NA,NA,NA,NA
,NA,NA,NA,NA,NA,NA,NA,NA,NA,NA,NA,NA,NA,NA,NA,NA,NA,NA,NA,NA,NA
,NA,NA,NA,NA,NA,NA,NA,NA,NA,NA,NA,NA,NA,NA,NA,NA,NA,NA,NA,NA,NA
,NA,NA,NA,NA,NA,NA,NA,NA,NA,NA,NA,NA,NA,NA,NA,NA,NA,NA,NA,NA,NA
,NA,NA,NA,NA,NA,NA,NA,NA,NA,NA,NA,NA,NA,NA,NA,NA,NA,NA,NA,NA,NA
,NA,NA,NA,NA,NA,NA,NA,NA,NA,NA,NA,NA,NA,NA,NA,NA,NA,NA,NA,NA,NA
,NA,NA,NA,NA,NA,NA,NA,NA,NA,NA,NA,NA,NA,NA,NA,NA,NA,NA,NA,NA,NA
,NA,NA,NA,NA,NA,NA,NA,NA,NA,NA,NA,NA,NA,NA,NA,NA,NA,NA,NA,NA,NA
,NA,NA,NA,NA,NA,NA,NA,NA,NA,NA,NA,NA,NA,NA,NA,NA,NA,NA,NA,NA,NA
,NA,NA,NA,NA,NA,NA,NA,NA,NA,NA,NA,NA,NA,NA,NA,NA,NA,NA,NA,NA,NA
,NA,NA,NA,NA,NA,NA,NA,NA,NA,NA,NA,NA,NA,NA,NA,NA,NA,NA,NA,NA,NA
,NA,NA,NA,NA,NA,NA,NA,NA,NA,NA,NA,NA,NA,NA,NA,NA,NA,NA,NA,NA,NA
,NA,NA,NA,NA,NA,NA,NA,NA,NA,NA,NA,NA,NA,NA,NA,NA,NA,NA,NA,NA,NA
,NA,NA,NA,NA,NA,NA,NA,NA,NA,NA,NA,NA,NA,NA,NA,NA,NA,NA,NA,NA,NA
,NA,NA,NA,NA,NA,NA,NA,NA,NA,NA,NA,NA,NA,NA,NA,NA,NA,NA,NA,NA,NA
,NA,NA,NA,NA,NA,NA,NA,NA,NA,NA,NA,NA,NA,NA,NA,NA,NA,NA,NA,NA,NA
,NA,NA,NA,NA,NA,NA,NA,NA,NA,NA,NA,NA,NA,NA,NA,NA,NA,NA,NA,NA,NA
,NA,NA,NA,NA,NA,NA,NA,NA,NA,NA,NA,NA,NA,NA,NA,NA,NA,NA,NA,NA,NA
,NA,NA,NA,NA,NA,NA,NA,NA,NA,NA,NA,NA,NA,NA,NA,NA,NA,NA,NA,NA,NA
,NA,NA,NA,NA,NA,NA,NA,NA,NA,NA,NA,NA,NA,NA,NA,NA,NA,NA,NA,NA,NA
,NA,NA,NA,NA,NA,NA,NA,NA,NA,NA,NA,NA,NA,NA,NA,NA,NA,NA,NA,NA,NA
,NA,NA,NA,NA,NA,NA,NA,NA,NA,NA,NA,NA,NA,NA,NA,NA,NA,NA,NA,NA,NA
,NA,NA,NA,NA,NA,NA,NA,NA,NA,NA,NA,NA,NA,NA,NA,NA,NA,NA,NA,NA,NA
,NA,NA,NA,NA,NA,NA,NA,NA,NA,NA,NA,NA,NA,NA,NA,NA,NA,NA,NA,NA,NA
,NA,NA,NA,NA,NA,NA,NA,NA,NA,NA,NA,NA,NA,NA,NA,NA,NA,NA,NA,NA,NA
,NA,NA,NA,NA,NA,NA,NA,NA,NA,NA,NA,NA,NA,NA,NA,NA,NA,NA,NA,NA,NA
,NA,NA,NA,NA,NA,NA,NA,NA,NA,NA,NA,NA,NA,NA,NA,NA,NA,NA,NA,NA,NA
,NA,NA,NA,NA,NA,NA,NA,NA,NA,NA,NA,NA,NA,NA,NA,NA,NA,NA,NA,NA,NA
,NA,NA,NA,NA,NA,NA,NA,NA,NA,NA,NA,NA,NA,NA,NA,NA,NA,NA,NA,NA,NA
,NA,NA,NA,NA,NA,NA,NA,NA,NA,NA,NA,NA,NA,NA,NA,NA,NA,NA,NA,NA,NA
,NA,NA,NA,NA,NA,NA,NA,NA,NA,NA,NA,NA,NA,NA,NA,NA,NA,NA,NA,NA,NA
